"data_date","unix_timestamp","individuals"
2015-10-01,1443657600,343
2015-10-03,1443830400,128
2015-10-04,1443916800,62
2015-10-06,1444089600,2001
2015-10-07,1444176000,1010
2015-10-09,1444348800,572
2015-10-10,1444435200,134
2015-10-11,1444521600,237
2015-10-12,1444608000,698
2015-10-14,1444780800,207
2015-10-16,1444953600,102
2015-10-19,1445212800,125
2015-10-20,1445299200,979
2015-10-21,1445385600,219
2015-10-22,1445472000,76
2015-10-27,1445904000,224
2015-10-28,1445990400,218
2015-10-30,1446163200,823
2015-11-05,1446681600,526
2015-11-06,1446768000,920
2015-11-08,1446940800,9
2015-11-09,1447027200,6
2015-11-11,1447200000,24
2015-11-12,1447286400,16
2015-11-13,1447372800,2
2015-11-14,1447459200,1014
2015-11-17,1447718400,13
2015-11-20,1447977600,111
2015-11-23,1448236800,5
2015-11-24,1448323200,89
2015-11-25,1448409600,406
2015-12-03,1449100800,1
2015-12-04,1449187200,1769
2015-12-05,1449273600,837
2015-12-06,1449360000,1304
2015-12-07,1449446400,1003
2015-12-09,1449619200,212
2015-12-10,1449705600,181
2015-12-15,1450137600,459
2015-12-16,1450224000,348
2015-12-22,1450742400,128
2015-12-23,1450828800,765
2015-12-24,1450915200,865
2015-12-25,1451001600,371
2015-12-28,1451260800,1045
2015-12-30,1451433600,188
2016-01-02,1451692800,13
2016-01-11,1452470400,255
2016-01-13,1452643200,105
2016-01-15,1452816000,453
2016-01-16,1452902400,245
2016-01-22,1453420800,282
2016-01-23,1453507200,245
2016-01-24,1453593600,842
2016-01-25,1453680000,124
2016-01-26,1453766400,24
2016-01-27,1453852800,1389
2016-01-28,1453939200,232
2016-01-30,1454112000,855
2016-01-31,1454198400,92
2016-02-01,1454284800,389
2016-02-02,1454371200,129
2016-02-03,1454457600,121
2016-02-04,1454544000,117
2016-02-13,1455321600,93
2016-02-17,1455667200,464
2016-02-19,1455840000,17
2016-02-20,1455926400,347
2016-02-22,1456099200,938
2016-02-23,1456185600,207
2016-02-24,1456272000,879
2016-02-28,1456617600,120
2016-03-07,1457308800,208
2016-03-08,1457395200,187
2016-03-16,1458086400,1230
2016-03-17,1458172800,1184
2016-03-19,1458345600,1189
2016-03-20,1458432000,727
2016-03-21,1458518400,619
2016-03-29,1459209600,730
2016-03-30,1459296000,2699
2016-03-31,1459382400,364
2016-04-01,1459468800,545
2016-04-04,1459728000,10
2016-04-07,1459987200,312
2016-04-09,1460160000,294
2016-04-12,1460419200,2231
2016-04-13,1460505600,2044
2016-04-14,1460592000,1030
2016-04-15,1460678400,350
2016-04-17,1460851200,497
2016-04-18,1460937600,343
2016-04-19,1461024000,65
2016-04-21,1461196800,264
2016-04-25,1461542400,308
2016-04-26,1461628800,1133
2016-04-28,1461801600,237
2016-04-29,1461888000,381
2016-04-30,1461974400,27
2016-05-01,1462060800,705
2016-05-03,1462233600,27
2016-05-04,1462320000,52
2016-05-06,1462492800,847
2016-05-07,1462579200,1651
2016-05-10,1462838400,32
2016-05-11,1462924800,12
2016-05-13,1463097600,1034
2016-05-17,1463443200,784
2016-05-18,1463529600,837
2016-05-23,1463961600,315
2016-05-24,1464048000,2006
2016-05-25,1464134400,3268
2016-05-26,1464220800,2760
2016-05-27,1464307200,183
2016-05-28,1464393600,4189
2016-05-29,1464480000,1806
2016-05-30,1464566400,1118
2016-05-31,1464652800,34
2016-06-02,1464825600,10
2016-06-04,1464998400,328
2016-06-05,1465084800,376
2016-06-06,1465171200,392
2016-06-08,1465344000,223
2016-06-09,1465430400,550
2016-06-10,1465516800,1991
2016-06-11,1465603200,47
2016-06-12,1465689600,910
2016-06-13,1465776000,2044
2016-06-14,1465862400,257
2016-06-15,1465948800,482
2016-06-16,1466035200,173
2016-06-17,1466121600,555
2016-06-19,1466294400,38
2016-06-22,1466553600,53
2016-06-24,1466726400,2729
2016-06-25,1466812800,1784
2016-06-26,1466899200,3263
2016-06-28,1467072000,3645
2016-06-29,1467158400,1050
2016-06-30,1467244800,1344
2016-07-01,1467331200,711
2016-07-03,1467504000,338
2016-07-04,1467590400,54
2016-07-05,1467676800,461
2016-07-06,1467763200,2619
2016-07-07,1467849600,2391
2016-07-08,1467936000,630
2016-07-09,1468022400,125
2016-07-10,1468108800,157
2016-07-11,1468195200,281
2016-07-12,1468281600,241
2016-07-14,1468454400,896
2016-07-15,1468540800,400
2016-07-16,1468627200,330
2016-07-19,1468886400,127
2016-07-20,1468972800,2604
2016-07-21,1469059200,1490
2016-07-22,1469145600,701
2016-07-23,1469232000,1369
2016-07-24,1469318400,1866
2016-07-25,1469404800,252
2016-07-27,1469577600,694
2016-07-28,1469664000,233
2016-07-29,1469750400,577
2016-07-30,1469836800,2088
2016-07-31,1469923200,1731
2016-08-01,1470009600,1509
2016-08-02,1470096000,2589
2016-08-03,1470182400,706
2016-08-04,1470268800,418
2016-08-05,1470355200,10
2016-08-06,1470441600,643
2016-08-07,1470528000,58
2016-08-08,1470614400,601
2016-08-11,1470873600,498
2016-08-12,1470960000,679
2016-08-17,1471392000,49
2016-08-18,1471478400,303
2016-08-19,1471564800,76
2016-08-20,1471651200,654
2016-08-21,1471737600,1081
2016-08-22,1471824000,449
2016-08-23,1471910400,931
2016-08-24,1471996800,273
2016-08-25,1472083200,13
2016-08-27,1472256000,47
2016-08-28,1472342400,240
2016-08-29,1472428800,833
2016-08-30,1472515200,3102
2016-08-31,1472601600,5504
2016-09-01,1472688000,2517
2016-09-02,1472774400,1583
2016-09-03,1472860800,1280
2016-09-04,1472947200,875
2016-09-05,1473033600,140
2016-09-06,1473120000,1060
2016-09-07,1473206400,1662
2016-09-08,1473292800,293
2016-09-12,1473638400,2614
2016-09-13,1473724800,731
2016-09-14,1473811200,1179
2016-09-15,1473897600,121
2016-09-16,1473984000,971
2016-09-17,1474070400,317
2016-09-19,1474243200,47
2016-09-22,1474502400,51
2016-09-23,1474588800,520
2016-09-24,1474675200,17
2016-09-25,1474761600,463
2016-09-26,1474848000,284
2016-09-27,1474934400,67
2016-10-02,1475366400,13
2016-10-03,1475452800,363
2016-10-04,1475539200,1351
2016-10-05,1475625600,5504
2016-10-06,1475712000,3333
2016-10-07,1475798400,391
2016-10-08,1475884800,1105
2016-10-09,1475971200,260
2016-10-10,1476057600,19
2016-10-11,1476144000,129
2016-10-13,1476316800,326
2016-10-14,1476403200,288
2016-10-17,1476662400,200
2016-10-19,1476835200,875
2016-10-20,1476921600,14
2016-10-21,1477008000,231
2016-10-22,1477094400,1577
2016-10-23,1477180800,1095
2016-10-24,1477267200,4469
2016-10-25,1477353600,1437
2016-10-26,1477440000,1926
2016-10-27,1477526400,1127
2016-10-28,1477612800,291
2016-10-29,1477699200,948
2016-11-01,1477958400,13
2016-11-02,1478044800,27
2016-11-03,1478131200,55
2016-11-04,1478217600,111
2016-11-05,1478304000,868
2016-11-06,1478390400,1287
2016-11-07,1478476800,2978
2016-11-13,1478995200,45
2016-11-14,1479081600,1477
2016-11-15,1479168000,341
2016-11-16,1479254400,582
2016-11-17,1479340800,552
2016-11-18,1479427200,428
2016-11-20,1479600000,217
2016-11-21,1479686400,52
2016-11-22,1479772800,7
2016-11-23,1479859200,28
2016-11-24,1479945600,2136
2016-11-26,1480118400,195
2016-11-27,1480204800,144
2016-11-28,1480291200,643
2016-11-29,1480377600,984
2016-11-30,1480464000,300
2016-12-01,1480550400,172
2016-12-03,1480723200,205
2016-12-05,1480896000,728
2016-12-06,1480982400,444
2016-12-07,1481068800,12
2016-12-08,1481155200,657
2016-12-09,1481241600,18
2016-12-12,1481500800,199
2016-12-13,1481587200,2167
2016-12-14,1481673600,1153
2016-12-15,1481760000,318
2016-12-16,1481846400,388
2016-12-22,1482364800,280
2016-12-23,1482451200,0
2016-12-24,1482537600,528
2016-12-25,1482624000,48
2016-12-26,1482710400,0
2016-12-27,1482796800,21
2016-12-28,1482883200,0
2016-12-29,1482969600,0
2016-12-30,1483056000,892
2016-12-31,1483142400,167
2017-01-01,1483228800,0
2017-01-02,1483315200,3
2017-01-03,1483401600,102
2017-01-04,1483488000,623
2017-01-05,1483574400,0
2017-01-06,1483660800,0
2017-01-07,1483747200,0
2017-01-08,1483833600,0
2017-01-09,1483920000,0
2017-01-10,1484006400,0
2017-01-11,1484092800,0
2017-01-12,1484179200,0
2017-01-13,1484265600,0
2017-01-14,1484352000,1143
2017-01-15,1484438400,482
2017-01-16,1484524800,38
2017-01-17,1484611200,0
2017-01-18,1484697600,0
2017-01-19,1484784000,0
2017-01-20,1484870400,0
2017-01-21,1484956800,0
2017-01-22,1485043200,0
2017-01-23,1485129600,0
2017-01-24,1485216000,397
2017-01-25,1485302400,0
2017-01-26,1485388800,0
2017-01-27,1485475200,0
2017-01-28,1485561600,1019
2017-01-29,1485648000,436
2017-01-30,1485734400,0
2017-01-31,1485820800,210
2017-02-01,1485907200,63
2017-02-02,1485993600,754
2017-02-03,1486080000,1131
2017-02-04,1486166400,251
2017-02-05,1486252800,1741
2017-02-06,1486339200,927
2017-02-07,1486425600,0
2017-02-08,1486512000,3
2017-02-09,1486598400,91
2017-02-10,1486684800,0
2017-02-11,1486771200,0
2017-02-12,1486857600,0
2017-02-13,1486944000,0
2017-02-14,1487030400,0
2017-02-15,1487116800,0
2017-02-16,1487203200,0
2017-02-17,1487289600,34
2017-02-18,1487376000,48
2017-02-19,1487462400,517
2017-02-20,1487548800,12
2017-02-21,1487635200,0
2017-02-22,1487721600,631
2017-02-23,1487808000,336
2017-02-24,1487894400,394
2017-02-25,1487980800,2015
2017-02-26,1488067200,0
2017-02-27,1488153600,0
2017-02-28,1488240000,0
2017-03-01,1488326400,0
2017-03-02,1488412800,7
2017-03-03,1488499200,871
2017-03-04,1488585600,0
2017-03-05,1488672000,1440
2017-03-06,1488758400,84
2017-03-07,1488844800,0
2017-03-08,1488931200,0
2017-03-09,1489017600,0
2017-03-10,1489104000,0
2017-03-11,1489190400,0
2017-03-12,1489276800,0
2017-03-13,1489363200,0
2017-03-14,1489449600,9
2017-03-15,1489536000,0
2017-03-16,1489622400,346
2017-03-17,1489708800,33
2017-03-18,1489795200,0
2017-03-19,1489881600,0
2017-03-20,1489968000,1987
2017-03-21,1490054400,1351
2017-03-22,1490140800,1084
2017-03-23,1490227200,1252
2017-03-24,1490313600,0
2017-03-25,1490400000,0
2017-03-26,1490486400,28
2017-03-27,1490572800,0
2017-03-28,1490659200,1191
2017-03-29,1490745600,1
2017-03-30,1490832000,1133
2017-03-31,1490918400,14
2017-04-01,1491004800,0
2017-04-02,1491091200,233
2017-04-03,1491177600,0
2017-04-04,1491264000,259
2017-04-05,1491350400,0
2017-04-06,1491436800,320
2017-04-07,1491523200,1574
2017-04-08,1491609600,229
2017-04-09,1491696000,0
2017-04-10,1491782400,76
2017-04-11,1491868800,0
2017-04-12,1491955200,68
2017-04-13,1492041600,0
2017-04-14,1492128000,60
2017-04-15,1492214400,1819
2017-04-16,1492300800,1156
2017-04-17,1492387200,2616
2017-04-18,1492473600,2774
2017-04-19,1492560000,1212
2017-04-20,1492646400,0
2017-04-21,1492732800,143
2017-04-22,1492819200,0
2017-04-23,1492905600,0
2017-04-24,1492992000,0
2017-04-25,1493078400,13
2017-04-26,1493164800,0
2017-04-27,1493251200,0
2017-04-28,1493337600,147
2017-04-29,1493424000,0
2017-04-30,1493510400,188
2017-05-01,1493596800,0
2017-05-02,1493683200,0
2017-05-03,1493769600,15
2017-05-04,1493856000,0
2017-05-05,1493942400,143
2017-05-06,1494028800,886
2017-05-07,1494115200,2881
2017-05-08,1494201600,1340
2017-05-09,1494288000,1738
2017-05-10,1494374400,864
2017-05-11,1494460800,15
2017-05-12,1494547200,0
2017-05-13,1494633600,0
2017-05-14,1494720000,3
2017-05-15,1494806400,641
2017-05-16,1494892800,0
2017-05-17,1494979200,0
2017-05-18,1495065600,0
2017-05-19,1495152000,167
2017-05-20,1495238400,2068
2017-05-21,1495324800,1065
2017-05-22,1495411200,1194
2017-05-23,1495497600,31
2017-05-24,1495584000,236
2017-05-25,1495670400,14
2017-05-26,1495756800,3400
2017-05-27,1495843200,2162
2017-05-28,1495929600,2934
2017-05-29,1496016000,1276
2017-05-30,1496102400,0
2017-05-31,1496188800,0
2017-06-01,1496275200,0
2017-06-02,1496361600,127
2017-06-03,1496448000,11
2017-06-04,1496534400,0
2017-06-05,1496620800,592
2017-06-06,1496707200,126
2017-06-07,1496793600,0
2017-06-08,1496880000,81
2017-06-09,1496966400,6
2017-06-10,1497052800,2
2017-06-11,1497139200,514
2017-06-12,1497225600,2211
2017-06-13,1497312000,1397
2017-06-14,1497398400,0
2017-06-15,1497484800,47
2017-06-16,1497571200,26
2017-06-17,1497657600,1325
2017-06-18,1497744000,1360
2017-06-19,1497830400,2658
2017-06-20,1497916800,466
2017-06-21,1498003200,522
2017-06-22,1498089600,71
2017-06-23,1498176000,251
2017-06-24,1498262400,169
2017-06-25,1498348800,551
2017-06-26,1498435200,197
2017-06-27,1498521600,3672
2017-06-28,1498608000,2301
2017-06-29,1498694400,4210
2017-06-30,1498780800,402
2017-07-01,1498867200,916
2017-07-02,1498953600,417
2017-07-03,1499040000,51
2017-07-04,1499126400,0
2017-07-05,1499212800,15
2017-07-06,1499299200,0
2017-07-07,1499385600,46
2017-07-08,1499472000,0
2017-07-09,1499558400,0
2017-07-10,1499644800,0
2017-07-11,1499731200,0
2017-07-12,1499817600,909
2017-07-13,1499904000,415
2017-07-14,1499990400,5115
2017-07-15,1500076800,1560
2017-07-16,1500163200,11
2017-07-17,1500249600,52
2017-07-18,1500336000,44
2017-07-19,1500422400,13
2017-07-20,1500508800,0
2017-07-21,1500595200,14
2017-07-22,1500681600,0
2017-07-23,1500768000,29
2017-07-24,1500854400,0
2017-07-25,1500940800,1029
2017-07-26,1501027200,0
2017-07-27,1501113600,0
2017-07-28,1501200000,254
2017-07-29,1501286400,50
2017-07-30,1501372800,48
2017-07-31,1501459200,410
2017-08-01,1501545600,12
2017-08-02,1501632000,2
2017-08-03,1501718400,569
2017-08-04,1501804800,392
2017-08-05,1501891200,59
2017-08-06,1501977600,161
2017-08-07,1502064000,392
2017-08-08,1502150400,0
2017-08-09,1502236800,3
2017-08-10,1502323200,85
2017-08-11,1502409600,0
2017-08-12,1502496000,353
2017-08-13,1502582400,0
2017-08-14,1502668800,50
2017-08-15,1502755200,13
2017-08-16,1502841600,124
2017-08-17,1502928000,47
2017-08-18,1503014400,59
2017-08-19,1503100800,306
2017-08-20,1503187200,58
2017-08-21,1503273600,26
2017-08-22,1503360000,114
2017-08-23,1503446400,0
2017-08-24,1503532800,0
2017-08-25,1503619200,73
2017-08-26,1503705600,53
2017-08-27,1503792000,83
2017-08-28,1503878400,70
2017-08-29,1503964800,55
2017-08-30,1504051200,654
2017-08-31,1504137600,0
2017-09-01,1504224000,286
2017-09-02,1504310400,389
2017-09-03,1504396800,41
2017-09-04,1504483200,0
2017-09-05,1504569600,0
2017-09-06,1504656000,111
2017-09-07,1504742400,27
2017-09-08,1504828800,230
2017-09-09,1504915200,62
2017-09-10,1505001600,1
2017-09-11,1505088000,0
2017-09-12,1505174400,0
2017-09-13,1505260800,0
2017-09-14,1505347200,183
2017-09-15,1505433600,280
2017-09-16,1505520000,389
2017-09-17,1505606400,1351
2017-09-18,1505692800,410
2017-09-19,1505779200,0
2017-09-20,1505865600,0
2017-09-21,1505952000,127
2017-09-22,1506038400,50
2017-09-23,1506124800,46
2017-09-24,1506211200,92
2017-09-25,1506297600,27
2017-09-26,1506384000,232
2017-09-27,1506470400,374
2017-09-28,1506556800,896
2017-09-29,1506643200,292
2017-09-30,1506729600,271
2017-10-01,1506816000,317
2017-10-02,1506902400,138
2017-10-03,1506988800,156
2017-10-04,1507075200,764
2017-10-05,1507161600,0
2017-10-06,1507248000,0
2017-10-07,1507334400,55
2017-10-08,1507420800,110
2017-10-09,1507507200,288
2017-10-10,1507593600,349
2017-10-11,1507680000,694
2017-10-12,1507766400,139
2017-10-13,1507852800,778
2017-10-14,1507939200,275
2017-10-15,1508025600,8
2017-10-16,1508112000,432
2017-10-17,1508198400,70
2017-10-18,1508284800,212
2017-10-19,1508371200,210
2017-10-20,1508457600,501
2017-10-21,1508544000,0
2017-10-22,1508630400,33
2017-10-23,1508716800,53
2017-10-24,1508803200,21
2017-10-25,1508889600,0
2017-10-26,1508976000,0
2017-10-27,1509062400,9
2017-10-28,1509148800,48
2017-10-29,1509235200,0
2017-10-30,1509321600,96
2017-10-31,1509408000,0
2017-11-01,1509494400,157
2017-11-02,1509580800,111
2017-11-03,1509667200,672
2017-11-04,1509753600,1125
2017-11-05,1509840000,428
2017-11-06,1509926400,386
2017-11-07,1510012800,0
2017-11-08,1510099200,59
2017-11-09,1510185600,10
2017-11-10,1510272000,116
2017-11-11,1510358400,12
2017-11-12,1510444800,0
2017-11-13,1510531200,59
2017-11-14,1510617600,0
2017-11-15,1510704000,18
2017-11-16,1510790400,0
2017-11-17,1510876800,0
2017-11-18,1510963200,0
2017-11-19,1511049600,0
2017-11-20,1511136000,0
2017-11-21,1511222400,43
2017-11-22,1511308800,9
2017-11-23,1511395200,364
2017-11-24,1511481600,633
2017-11-25,1511568000,698
2017-11-26,1511654400,45
2017-11-27,1511740800,426
2017-11-28,1511827200,0
2017-11-29,1511913600,0
2017-11-30,1512000000,0
2017-12-01,1512086400,77
2017-12-02,1512172800,0
2017-12-03,1512259200,0
2017-12-04,1512345600,0
2017-12-05,1512432000,0
2017-12-06,1512518400,0
2017-12-07,1512604800,21
2017-12-08,1512691200,0
2017-12-09,1512777600,78
2017-12-10,1512864000,135
2017-12-11,1512950400,76
2017-12-12,1513036800,550
2017-12-13,1513123200,0
2017-12-14,1513209600,44
2017-12-15,1513296000,102
2017-12-16,1513382400,407
2017-12-17,1513468800,0
2017-12-18,1513555200,321
2017-12-19,1513641600,0
2017-12-20,1513728000,21
2017-12-21,1513814400,0
2017-12-22,1513900800,0
2017-12-23,1513987200,0
2017-12-24,1514073600,0
2017-12-25,1514160000,0
2017-12-26,1514246400,0
2017-12-27,1514332800,0
2017-12-28,1514419200,375
2017-12-29,1514505600,0
2017-12-30,1514592000,0
2017-12-31,1514678400,120
2018-01-01,1514764800,0
2018-01-02,1514851200,0
2018-01-03,1514937600,333
2018-01-04,1515024000,0
2018-01-05,1515110400,0
2018-01-06,1515196800,0
2018-01-07,1515283200,33
2018-01-08,1515369600,86
2018-01-09,1515456000,27
2018-01-10,1515542400,97
2018-01-11,1515628800,263
2018-01-12,1515715200,0
2018-01-13,1515801600,0
2018-01-14,1515888000,0
2018-01-15,1515974400,155
2018-01-16,1516060800,19
2018-01-17,1516147200,85
2018-01-18,1516233600,716
2018-01-19,1516320000,516
2018-01-20,1516406400,401
2018-01-21,1516492800,0
2018-01-22,1516579200,0
2018-01-23,1516665600,0
2018-01-24,1516752000,0
2018-01-25,1516838400,0
2018-01-26,1516924800,0
2018-01-27,1517011200,0
2018-01-28,1517097600,446
2018-01-29,1517184000,303
2018-01-30,1517270400,493
2018-01-31,1517356800,154
2018-02-01,1517443200,387
2018-02-02,1517529600,0
2018-02-03,1517616000,0
2018-02-04,1517702400,157
2018-02-05,1517788800,0
2018-02-06,1517875200,0
2018-02-07,1517961600,0
2018-02-08,1518048000,0
2018-02-09,1518134400,0
2018-02-10,1518220800,0
2018-02-11,1518307200,0
2018-02-12,1518393600,0
2018-02-13,1518480000,0
2018-02-14,1518566400,0
2018-02-15,1518652800,0
2018-02-16,1518739200,0
2018-02-17,1518825600,125
2018-02-18,1518912000,0
2018-02-19,1518998400,385
2018-02-20,1519084800,0
2018-02-21,1519171200,0
2018-02-22,1519257600,0
2018-02-23,1519344000,0
2018-02-24,1519430400,0
2018-02-25,1519516800,0
2018-02-26,1519603200,0
2018-02-27,1519689600,0
2018-02-28,1519776000,0
2018-03-01,1519862400,0
2018-03-02,1519948800,0
2018-03-03,1520035200,84
2018-03-04,1520121600,0
2018-03-05,1520208000,0
2018-03-06,1520294400,72
2018-03-07,1520380800,51
2018-03-08,1520467200,0
2018-03-09,1520553600,89
2018-03-10,1520640000,23
2018-03-11,1520726400,2
2018-03-12,1520812800,373
2018-03-13,1520899200,0
2018-03-14,1520985600,0
2018-03-15,1521072000,7
2018-03-16,1521158400,0
2018-03-17,1521244800,216
2018-03-18,1521331200,0
2018-03-19,1521417600,0
2018-03-20,1521504000,0
2018-03-21,1521590400,0
2018-03-22,1521676800,0
2018-03-23,1521763200,0
2018-03-24,1521849600,0
2018-03-25,1521936000,0
2018-03-26,1522022400,0
2018-03-27,1522108800,0
2018-03-28,1522195200,0
2018-03-29,1522281600,0
2018-03-30,1522368000,0
2018-03-31,1522454400,132
2018-04-01,1522540800,0
2018-04-02,1522627200,364
2018-04-03,1522713600,24
2018-04-04,1522800000,0
2018-04-05,1522886400,0
2018-04-06,1522972800,39
2018-04-07,1523059200,123
2018-04-08,1523145600,0
2018-04-09,1523232000,48
2018-04-10,1523318400,0
2018-04-11,1523404800,0
2018-04-12,1523491200,0
2018-04-13,1523577600,0
2018-04-14,1523664000,495
2018-04-15,1523750400,55
2018-04-16,1523836800,49
2018-04-17,1523923200,0
2018-04-18,1524009600,46
2018-04-19,1524096000,0
2018-04-20,1524182400,3
2018-04-21,1524268800,51
2018-04-22,1524355200,158
2018-04-23,1524441600,552
2018-04-24,1524528000,564
2018-04-25,1524614400,139
2018-04-26,1524700800,50
2018-04-27,1524787200,299
2018-04-28,1524873600,0
2018-04-29,1524960000,0
2018-04-30,1525046400,48
2018-05-01,1525132800,0
2018-05-02,1525219200,0
2018-05-03,1525305600,0
2018-05-04,1525392000,7
2018-05-05,1525478400,36
2018-05-06,1525564800,58
2018-05-07,1525651200,82
2018-05-08,1525737600,88
2018-05-09,1525824000,7
2018-05-10,1525910400,159
2018-05-11,1525996800,12
2018-05-12,1526083200,182
2018-05-13,1526169600,166
2018-05-14,1526256000,352
2018-05-15,1526342400,0
2018-05-16,1526428800,0
2018-05-17,1526515200,0
2018-05-18,1526601600,0
2018-05-19,1526688000,0
2018-05-20,1526774400,0
2018-05-21,1526860800,0
2018-05-22,1526947200,32
2018-05-23,1527033600,82
2018-05-24,1527120000,34
2018-05-25,1527206400,358
2018-05-26,1527292800,809
2018-05-27,1527379200,102
2018-05-28,1527465600,1215
2018-05-29,1527552000,114
2018-05-30,1527638400,0
2018-05-31,1527724800,0
2018-06-01,1527811200,158
2018-06-02,1527897600,58
2018-06-03,1527984000,128
2018-06-04,1528070400,0
2018-06-05,1528156800,0
2018-06-06,1528243200,0
2018-06-07,1528329600,0
2018-06-08,1528416000,0
2018-06-09,1528502400,498
2018-06-10,1528588800,24
2018-06-11,1528675200,0
2018-06-12,1528761600,167
2018-06-13,1528848000,953
2018-06-14,1528934400,123
2018-06-15,1529020800,46
2018-06-16,1529107200,0
2018-06-17,1529193600,0
2018-06-18,1529280000,524
2018-06-19,1529366400,0
2018-06-20,1529452800,0
2018-06-21,1529539200,145
2018-06-22,1529625600,74
2018-06-23,1529712000,35
2018-06-24,1529798400,0
2018-06-25,1529884800,157
2018-06-26,1529971200,0
2018-06-27,1530057600,0
2018-06-28,1530144000,0
2018-06-29,1530230400,0
2018-06-30,1530316800,46
2018-07-01,1530403200,8
2018-07-02,1530489600,17
2018-07-03,1530576000,87
2018-07-04,1530662400,20
2018-07-05,1530748800,41
2018-07-06,1530835200,59
2018-07-07,1530921600,106
2018-07-08,1531008000,15
2018-07-09,1531094400,0
2018-07-10,1531180800,3
2018-07-11,1531267200,39
2018-07-12,1531353600,169
2018-07-13,1531440000,107
2018-07-14,1531526400,20
2018-07-15,1531612800,57
2018-07-16,1531699200,454
2018-07-17,1531785600,11
2018-07-18,1531872000,0
2018-07-19,1531958400,10
2018-07-20,1532044800,86
2018-07-21,1532131200,0
2018-07-22,1532217600,0
2018-07-23,1532304000,81
2018-07-24,1532390400,89
2018-07-25,1532476800,0
2018-07-26,1532563200,186
2018-07-27,1532649600,59
2018-07-28,1532736000,0
2018-07-29,1532822400,6
2018-07-30,1532908800,8
2018-07-31,1532995200,44
2018-08-01,1533081600,93
2018-08-02,1533168000,90
2018-08-03,1533254400,123
2018-08-04,1533340800,25
2018-08-05,1533427200,0
2018-08-06,1533513600,0
2018-08-07,1533600000,19
2018-08-08,1533686400,0
2018-08-09,1533772800,7
2018-08-10,1533859200,163
2018-08-11,1533945600,64
2018-08-12,1534032000,63
2018-08-13,1534118400,63
2018-08-14,1534204800,0
2018-08-15,1534291200,24
2018-08-16,1534377600,13
2018-08-17,1534464000,0
2018-08-18,1534550400,4
2018-08-19,1534636800,13
2018-08-20,1534723200,29
2018-08-21,1534809600,0
2018-08-22,1534896000,105
2018-08-23,1534982400,34
2018-08-24,1535068800,0
2018-08-25,1535155200,150
2018-08-26,1535241600,0
2018-08-27,1535328000,133
2018-08-28,1535414400,0
2018-08-29,1535500800,0
2018-08-30,1535587200,105
2018-08-31,1535673600,151
2018-09-01,1535760000,76
2018-09-02,1535846400,10
2018-09-03,1535932800,38
2018-09-04,1536019200,24
2018-09-05,1536105600,18
2018-09-06,1536192000,38
2018-09-07,1536278400,0
2018-09-08,1536364800,10
2018-09-09,1536451200,0
2018-09-10,1536537600,0
2018-09-11,1536624000,0
2018-09-12,1536710400,1
2018-09-13,1536796800,201
2018-09-14,1536883200,122
2018-09-15,1536969600,88
2018-09-16,1537056000,28
2018-09-17,1537142400,39
2018-09-18,1537228800,5
2018-09-19,1537315200,34
2018-09-20,1537401600,67
2018-09-21,1537488000,0
2018-09-22,1537574400,83
2018-09-23,1537660800,0
2018-09-24,1537747200,0
2018-09-25,1537833600,0
2018-09-26,1537920000,0
2018-09-27,1538006400,0
2018-09-28,1538092800,0
2018-09-29,1538179200,0
2018-09-30,1538265600,0
2018-10-01,1538352000,42
2018-10-02,1538438400,16
2018-10-03,1538524800,8
2018-10-04,1538611200,0
2018-10-05,1538697600,11
2018-10-06,1538784000,103
2018-10-07,1538870400,58
2018-10-08,1538956800,5
2018-10-09,1539043200,0
2018-10-10,1539129600,121
2018-10-11,1539216000,0
2018-10-12,1539302400,26
2018-10-13,1539388800,171
2018-10-14,1539475200,80
2018-10-15,1539561600,29
2018-10-16,1539648000,12
2018-10-17,1539734400,0
2018-10-18,1539820800,71
2018-10-19,1539907200,54
2018-10-20,1539993600,14
2018-10-21,1540080000,14
2018-10-22,1540166400,14
2018-10-23,1540252800,0
2018-10-24,1540339200,0
2018-10-25,1540425600,0
2018-10-26,1540512000,0
2018-10-27,1540598400,6
2018-10-28,1540684800,75
2018-10-29,1540771200,0
2018-10-30,1540857600,0
2018-10-31,1540944000,0
2018-11-01,1541030400,0
2018-11-02,1541116800,133
2018-11-03,1541203200,0
2018-11-04,1541289600,0
2018-11-05,1541376000,0
2018-11-06,1541462400,0
2018-11-07,1541548800,36
2018-11-08,1541635200,84
2018-11-09,1541721600,185
2018-11-10,1541808000,57
2018-11-11,1541894400,0
2018-11-12,1541980800,0
2018-11-13,1542067200,0
2018-11-14,1542153600,0
2018-11-15,1542240000,0
2018-11-16,1542326400,22
2018-11-17,1542412800,0
2018-11-18,1542499200,4
2018-11-19,1542585600,0
2018-11-20,1542672000,0
2018-11-21,1542758400,0
2018-11-22,1542844800,14
2018-11-23,1542931200,151
2018-11-24,1543017600,286
2018-11-25,1543104000,0
2018-11-26,1543190400,0
2018-11-27,1543276800,0
2018-11-28,1543363200,0
2018-11-29,1543449600,0
2018-11-30,1543536000,0
2018-12-01,1543622400,0
2018-12-02,1543708800,0
2018-12-03,1543795200,0
2018-12-04,1543881600,26
2018-12-05,1543968000,0
2018-12-06,1544054400,0
2018-12-07,1544140800,18
2018-12-08,1544227200,72
2018-12-09,1544313600,0
2018-12-10,1544400000,0
2018-12-11,1544486400,0
2018-12-12,1544572800,0
2018-12-13,1544659200,0
2018-12-14,1544745600,0
2018-12-15,1544832000,0
2018-12-16,1544918400,0
2018-12-17,1545004800,0
2018-12-18,1545091200,0
2018-12-19,1545177600,0
2018-12-20,1545264000,61
2018-12-21,1545350400,18
2018-12-22,1545436800,0
2018-12-23,1545523200,0
2018-12-24,1545609600,1
2018-12-25,1545696000,0
2018-12-26,1545782400,0
2018-12-27,1545868800,43
2018-12-28,1545955200,39
2018-12-29,1546041600,49
2018-12-30,1546128000,29
2018-12-31,1546214400,0
2019-01-01,1546300800,0
2019-01-02,1546387200,0
2019-01-03,1546473600,0
2019-01-04,1546560000,0
2019-01-05,1546646400,0
2019-01-06,1546732800,0
2019-01-07,1546819200,0
2019-01-08,1546905600,0
2019-01-09,1546992000,0
2019-01-10,1547078400,53
2019-01-11,1547164800,0
2019-01-12,1547251200,0
2019-01-13,1547337600,0
2019-01-14,1547424000,0
2019-01-15,1547510400,0
2019-01-16,1547596800,0
2019-01-17,1547683200,0
2019-01-18,1547769600,73
2019-01-19,1547856000,16
2019-01-20,1547942400,13
2019-01-21,1548028800,0
2019-01-22,1548115200,0
2019-01-23,1548201600,0
2019-01-24,1548288000,0
2019-01-25,1548374400,0
2019-01-26,1548460800,0
2019-01-27,1548547200,0
2019-01-28,1548633600,0
2019-01-29,1548720000,0
2019-01-30,1548806400,0
2019-01-31,1548892800,47
2019-02-01,1548979200,0
2019-02-02,1549065600,0
2019-02-03,1549152000,0
2019-02-04,1549238400,0
2019-02-05,1549324800,0
2019-02-06,1549411200,0
2019-02-07,1549497600,0
2019-02-08,1549584000,0
2019-02-09,1549670400,0
2019-02-10,1549756800,0
2019-02-11,1549843200,13
2019-02-12,1549929600,0
2019-02-13,1550016000,0
2019-02-14,1550102400,0
2019-02-15,1550188800,0
2019-02-16,1550275200,0
2019-02-17,1550361600,12
2019-02-18,1550448000,0
2019-02-19,1550534400,0
2019-02-20,1550620800,0
2019-02-21,1550707200,22
2019-02-22,1550793600,13
2019-02-23,1550880000,0
2019-02-24,1550966400,0
2019-02-25,1551052800,0
2019-02-26,1551139200,0
2019-02-27,1551225600,0
2019-02-28,1551312000,0
2019-03-01,1551398400,0
2019-03-02,1551484800,0
2019-03-03,1551571200,0
2019-03-04,1551657600,9
2019-03-05,1551744000,17
2019-03-06,1551830400,8
2019-03-07,1551916800,40
2019-03-08,1552003200,0
2019-03-09,1552089600,0
2019-03-10,1552176000,0
2019-03-11,1552262400,0
2019-03-12,1552348800,0
2019-03-13,1552435200,0
2019-03-14,1552521600,0
2019-03-15,1552608000,0
2019-03-16,1552694400,0
2019-03-17,1552780800,13
2019-03-18,1552867200,0
2019-03-19,1552953600,50
2019-03-20,1553040000,0
2019-03-21,1553126400,0
2019-03-22,1553212800,0
2019-03-23,1553299200,0
2019-03-24,1553385600,27
2019-03-25,1553472000,81
2019-03-26,1553558400,0
2019-03-27,1553644800,0
2019-03-28,1553731200,0
2019-03-29,1553817600,0
2019-03-30,1553904000,11
2019-03-31,1553990400,6
2019-04-01,1554076800,0
2019-04-02,1554163200,0
2019-04-03,1554249600,0
2019-04-04,1554336000,8
2019-04-05,1554422400,0
2019-04-06,1554508800,0
2019-04-07,1554595200,0
2019-04-08,1554681600,18
2019-04-09,1554768000,0
2019-04-10,1554854400,0
2019-04-11,1554940800,73
2019-04-12,1555027200,0
2019-04-13,1555113600,0
2019-04-14,1555200000,0
2019-04-15,1555286400,0
2019-04-16,1555372800,0
2019-04-17,1555459200,11
2019-04-18,1555545600,12
2019-04-19,1555632000,0
2019-04-20,1555718400,0
2019-04-21,1555804800,1
2019-04-22,1555891200,18
2019-04-23,1555977600,0
2019-04-24,1556064000,0
2019-04-25,1556150400,0
2019-04-26,1556236800,0
2019-04-27,1556323200,0
2019-04-28,1556409600,57
2019-04-29,1556496000,0
2019-04-30,1556582400,57
2019-05-01,1556668800,0
2019-05-02,1556755200,59
2019-05-03,1556841600,0
2019-05-04,1556928000,0
2019-05-05,1557014400,0
2019-05-06,1557100800,0
2019-05-07,1557187200,0
2019-05-08,1557273600,31
2019-05-09,1557360000,0
2019-05-10,1557446400,136
2019-05-11,1557532800,0
2019-05-12,1557619200,68
2019-05-13,1557705600,0
2019-05-14,1557792000,0
2019-05-15,1557878400,0
2019-05-16,1557964800,0
2019-05-17,1558051200,0
2019-05-18,1558137600,0
2019-05-19,1558224000,47
2019-05-20,1558310400,0
2019-05-21,1558396800,30
2019-05-22,1558483200,68
2019-05-23,1558569600,7
2019-05-24,1558656000,68
2019-05-25,1558742400,54
2019-05-26,1558828800,0
2019-05-27,1558915200,0
2019-05-28,1559001600,0
2019-05-29,1559088000,71
2019-05-30,1559174400,0
2019-05-31,1559260800,0
2019-06-01,1559347200,7
2019-06-02,1559433600,191
2019-06-03,1559520000,112
2019-06-04,1559606400,7
2019-06-05,1559692800,0
2019-06-06,1559779200,0
2019-06-07,1559865600,147
2019-06-08,1559952000,8
2019-06-09,1560038400,95
2019-06-10,1560124800,16
2019-06-11,1560211200,0
2019-06-12,1560297600,0
2019-06-13,1560384000,0
2019-06-14,1560470400,0
2019-06-15,1560556800,10
2019-06-16,1560643200,6
2019-06-17,1560729600,24
2019-06-18,1560816000,3
2019-06-19,1560902400,65
2019-06-20,1560988800,16
2019-06-21,1561075200,121
2019-06-22,1561161600,1
2019-06-23,1561248000,0
2019-06-24,1561334400,59
2019-06-25,1561420800,8
2019-06-26,1561507200,55
2019-06-27,1561593600,63
2019-06-28,1561680000,41
2019-06-29,1561766400,40
2019-06-30,1561852800,93
2019-07-01,1561939200,5
2019-07-02,1562025600,0
2019-07-03,1562112000,6
2019-07-04,1562198400,63
2019-07-05,1562284800,37
2019-07-06,1562371200,108
2019-07-07,1562457600,56
2019-07-08,1562544000,25
2019-07-09,1562630400,74
2019-07-10,1562716800,12
2019-07-11,1562803200,0
2019-07-12,1562889600,0
2019-07-13,1562976000,0
2019-07-14,1563062400,21
2019-07-15,1563148800,0
2019-07-16,1563235200,0
2019-07-17,1563321600,0
2019-07-18,1563408000,5
2019-07-19,1563494400,108
2019-07-20,1563580800,8
2019-07-21,1563667200,55
2019-07-22,1563753600,59
2019-07-23,1563840000,3
2019-07-24,1563926400,77
2019-07-25,1564012800,75
2019-07-26,1564099200,13
2019-07-27,1564185600,4
2019-07-28,1564272000,9
2019-07-29,1564358400,55
2019-07-30,1564444800,0
2019-07-31,1564531200,210
2019-08-01,1564617600,0
2019-08-02,1564704000,36
2019-08-03,1564790400,20
2019-08-04,1564876800,13
2019-08-05,1564963200,63
2019-08-06,1565049600,41
2019-08-07,1565136000,0
2019-08-08,1565222400,0
2019-08-09,1565308800,8
2019-08-10,1565395200,65
2019-08-11,1565481600,48
2019-08-12,1565568000,97
2019-08-13,1565654400,0
2019-08-14,1565740800,4
2019-08-15,1565827200,9
2019-08-16,1565913600,4
2019-08-17,1566000000,87
2019-08-18,1566086400,0
2019-08-19,1566172800,66
2019-08-20,1566259200,143
2019-08-21,1566345600,84
2019-08-22,1566432000,58
2019-08-23,1566518400,24
2019-08-24,1566604800,32
2019-08-25,1566691200,52
2019-08-26,1566777600,36
2019-08-27,1566864000,11
2019-08-28,1566950400,0
2019-08-29,1567036800,143
2019-08-30,1567123200,68
2019-08-31,1567209600,46
2019-09-01,1567296000,115
2019-09-02,1567382400,315
2019-09-03,1567468800,53
2019-09-04,1567555200,0
2019-09-05,1567641600,0
2019-09-06,1567728000,59
2019-09-07,1567814400,0
2019-09-08,1567900800,45
2019-09-09,1567987200,66
2019-09-10,1568073600,0
2019-09-11,1568160000,58
2019-09-12,1568246400,1
2019-09-13,1568332800,0
2019-09-14,1568419200,279
2019-09-15,1568505600,104
2019-09-16,1568592000,0
2019-09-17,1568678400,82
2019-09-18,1568764800,224
2019-09-19,1568851200,40
2019-09-20,1568937600,180
2019-09-21,1569024000,76
2019-09-22,1569110400,0
2019-09-23,1569196800,12
2019-09-24,1569283200,182
2019-09-25,1569369600,0
2019-09-26,1569456000,52
2019-09-27,1569542400,2
2019-09-28,1569628800,110
2019-09-29,1569715200,282
2019-09-30,1569801600,162
2019-10-01,1569888000,34
2019-10-02,1569974400,140
2019-10-03,1570060800,73
2019-10-04,1570147200,0
2019-10-05,1570233600,1
2019-10-06,1570320000,23
2019-10-07,1570406400,22
2019-10-08,1570492800,0
2019-10-09,1570579200,0
2019-10-10,1570665600,0
2019-10-11,1570752000,13
2019-10-12,1570838400,28
2019-10-13,1570924800,159
2019-10-14,1571011200,312
2019-10-15,1571097600,1
2019-10-16,1571184000,377
2019-10-17,1571270400,53
2019-10-18,1571356800,129
2019-10-19,1571443200,117
2019-10-20,1571529600,57
2019-10-21,1571616000,118
2019-10-22,1571702400,67
2019-10-23,1571788800,0
2019-10-24,1571875200,48
2019-10-25,1571961600,0
2019-10-26,1572048000,9
2019-10-27,1572134400,14
2019-10-28,1572220800,17
2019-10-29,1572307200,45
2019-10-30,1572393600,118
2019-10-31,1572480000,41
2019-11-01,1572566400,0
2019-11-02,1572652800,4
2019-11-03,1572739200,239
2019-11-04,1572825600,0
2019-11-05,1572912000,50
2019-11-06,1572998400,0
2019-11-07,1573084800,0
2019-11-08,1573171200,0
2019-11-09,1573257600,0
2019-11-10,1573344000,0
2019-11-11,1573430400,0
2019-11-12,1573516800,0
2019-11-13,1573603200,0
2019-11-14,1573689600,0
2019-11-15,1573776000,0
2019-11-16,1573862400,0
2019-11-17,1573948800,0
2019-11-18,1574035200,0
2019-11-19,1574121600,0
2019-11-20,1574208000,0
2019-11-21,1574294400,121
2019-11-22,1574380800,123
2019-11-23,1574467200,154
2019-11-24,1574553600,224
2019-11-25,1574640000,0
2019-11-26,1574726400,141
2019-11-27,1574812800,0
2019-11-28,1574899200,11
2019-11-29,1574985600,53
2019-11-30,1575072000,103
2019-12-01,1575158400,9
2019-12-02,1575244800,56
2019-12-03,1575331200,13
2019-12-04,1575417600,122
2019-12-05,1575504000,0
2019-12-06,1575590400,0
2019-12-07,1575676800,0
2019-12-08,1575763200,0
2019-12-09,1575849600,0
2019-12-10,1575936000,0
2019-12-11,1576022400,0
2019-12-12,1576108800,0
2019-12-13,1576195200,0
2019-12-14,1576281600,0
2019-12-15,1576368000,0
2019-12-16,1576454400,0
2019-12-17,1576540800,0
2019-12-18,1576627200,124
2019-12-19,1576713600,4
2019-12-20,1576800000,0
2019-12-21,1576886400,0
2019-12-22,1576972800,55
2019-12-23,1577059200,159
2019-12-24,1577145600,0
2019-12-25,1577232000,0
2019-12-26,1577318400,0
2019-12-27,1577404800,0
2019-12-28,1577491200,0
2019-12-29,1577577600,32
2019-12-30,1577664000,0
2019-12-31,1577750400,7
2020-01-01,1577836800,1
2020-01-02,1577923200,66
2020-01-03,1578009600,79
2020-01-04,1578096000,0
2020-01-05,1578182400,33
2020-01-06,1578268800,0
2020-01-07,1578355200,0
2020-01-08,1578441600,0
2020-01-09,1578528000,30
2020-01-10,1578614400,105
2020-01-11,1578700800,0
2020-01-12,1578787200,0
2020-01-13,1578873600,0
2020-01-14,1578960000,9
2020-01-15,1579046400,174
2020-01-16,1579132800,153
2020-01-17,1579219200,70
2020-01-18,1579305600,0
2020-01-19,1579392000,0
2020-01-20,1579478400,0
2020-01-21,1579564800,39
2020-01-22,1579651200,0
2020-01-23,1579737600,0
2020-01-24,1579824000,0
2020-01-25,1579910400,8
2020-01-26,1579996800,94
2020-01-27,1580083200,0
2020-01-28,1580169600,0
2020-01-29,1580256000,403
2020-01-30,1580342400,0
2020-01-31,1580428800,76
2020-02-01,1580515200,15
2020-02-02,1580601600,396
2020-02-03,1580688000,0
2020-02-04,1580774400,0
2020-02-05,1580860800,0
2020-02-06,1580947200,0
2020-02-07,1581033600,0
2020-02-08,1581120000,0
2020-02-09,1581206400,0
2020-02-10,1581292800,0
2020-02-11,1581379200,26
2020-02-12,1581465600,0
2020-02-13,1581552000,158
2020-02-14,1581638400,75
2020-02-15,1581724800,4
2020-02-16,1581811200,11
2020-02-17,1581897600,30
2020-02-18,1581984000,10
2020-02-19,1582070400,0
2020-02-20,1582156800,0
2020-02-21,1582243200,0
2020-02-22,1582329600,0
2020-02-23,1582416000,276
2020-02-24,1582502400,0
2020-02-25,1582588800,18
2020-02-26,1582675200,0
2020-02-27,1582761600,194
2020-02-28,1582848000,0
2020-02-29,1582934400,0
2020-03-01,1583020800,0
2020-03-02,1583107200,0
2020-03-03,1583193600,0
2020-03-04,1583280000,0
2020-03-05,1583366400,0
2020-03-06,1583452800,0
2020-03-07,1583539200,0
2020-03-08,1583625600,0
2020-03-09,1583712000,0
2020-03-10,1583798400,0
2020-03-11,1583884800,0
2020-03-12,1583971200,57
2020-03-13,1584057600,85
2020-03-14,1584144000,43
2020-03-15,1584230400,0
2020-03-16,1584316800,0
2020-03-17,1584403200,0
2020-03-18,1584489600,0
2020-03-19,1584576000,0
2020-03-20,1584662400,0
2020-03-21,1584748800,0
2020-03-22,1584835200,12
2020-03-23,1584921600,0
2020-03-24,1585008000,0
2020-03-25,1585094400,0
2020-03-26,1585180800,0
2020-03-27,1585267200,44
2020-03-28,1585353600,0
2020-03-29,1585440000,0
2020-03-30,1585526400,0
2020-03-31,1585612800,0
2020-04-01,1585699200,0
2020-04-02,1585785600,0
2020-04-03,1585872000,0
2020-04-04,1585958400,0
2020-04-05,1586044800,0
2020-04-06,1586131200,34
2020-04-07,1586217600,0
2020-04-08,1586304000,143
2020-04-09,1586390400,7
2020-04-10,1586476800,73
2020-04-11,1586563200,0
2020-04-12,1586649600,101
2020-04-13,1586736000,77
2020-04-14,1586822400,0
2020-04-15,1586908800,3
2020-04-16,1586995200,6
2020-04-17,1587081600,1
2020-04-18,1587168000,38
2020-04-19,1587254400,0
2020-04-20,1587340800,0
2020-04-21,1587427200,0
2020-04-22,1587513600,0
2020-04-23,1587600000,32
2020-04-24,1587686400,0
2020-04-25,1587772800,0
2020-04-26,1587859200,56
2020-04-27,1587945600,0
2020-04-28,1588032000,100
2020-04-29,1588118400,0
2020-04-30,1588204800,0
2020-05-01,1588291200,0
2020-05-02,1588377600,78
2020-05-03,1588464000,44
2020-05-04,1588550400,180
2020-05-05,1588636800,146
2020-05-06,1588723200,192
2020-05-07,1588809600,0
2020-05-08,1588896000,0
2020-05-09,1588982400,79
2020-05-10,1589068800,0
2020-05-11,1589155200,0
2020-05-12,1589241600,0
2020-05-13,1589328000,53
2020-05-14,1589414400,0
2020-05-15,1589500800,0
2020-05-16,1589587200,68
2020-05-17,1589673600,0
2020-05-18,1589760000,2
2020-05-19,1589846400,0
2020-05-20,1589932800,137
2020-05-21,1590019200,0
2020-05-22,1590105600,1
2020-05-23,1590192000,102
2020-05-24,1590278400,190
2020-05-25,1590364800,40
2020-05-26,1590451200,71
2020-05-27,1590537600,0
2020-05-28,1590624000,186
2020-05-29,1590710400,0
2020-05-30,1590796800,0
2020-05-31,1590883200,85
2020-06-01,1590969600,36
2020-06-02,1591056000,144
2020-06-03,1591142400,44
2020-06-04,1591228800,103
2020-06-05,1591315200,0
2020-06-06,1591401600,0
2020-06-07,1591488000,26
2020-06-08,1591574400,0
2020-06-09,1591660800,0
2020-06-10,1591747200,0
2020-06-11,1591833600,49
2020-06-12,1591920000,5
2020-06-13,1592006400,61
2020-06-14,1592092800,0
2020-06-15,1592179200,56
2020-06-16,1592265600,0
2020-06-17,1592352000,59
2020-06-18,1592438400,70
2020-06-19,1592524800,36
2020-06-20,1592611200,165
2020-06-21,1592697600,211
2020-06-22,1592784000,0
2020-06-23,1592870400,0
2020-06-24,1592956800,170
2020-06-25,1593043200,136
2020-06-26,1593129600,0
2020-06-27,1593216000,29
2020-06-28,1593302400,134
2020-06-29,1593388800,0
2020-06-30,1593475200,0
2020-07-01,1593561600,241
2020-07-02,1593648000,142
2020-07-03,1593734400,0
2020-07-04,1593820800,0
2020-07-05,1593907200,54
2020-07-06,1593993600,180
2020-07-07,1594080000,6
2020-07-08,1594166400,0
2020-07-09,1594252800,138
2020-07-10,1594339200,597
2020-07-11,1594425600,429
2020-07-12,1594512000,236
2020-07-13,1594598400,418
2020-07-15,1594771200,128
2020-07-16,1594857600,9
2020-07-17,1594944000,0
2020-07-18,1595030400,0
2020-07-19,1595116800,0
2020-07-20,1595203200,83
2020-07-21,1595289600,385
2020-07-22,1595376000,662
2020-07-23,1595462400,373
2020-07-24,1595548800,416
2020-07-25,1595635200,273
2020-07-26,1595721600,106
2020-07-27,1595808000,402
2020-07-28,1595894400,527
2020-07-29,1595980800,337
2020-07-30,1596067200,287
2020-07-31,1596153600,389
2020-08-01,1596240000,309
2020-08-02,1596326400,85
2020-08-03,1596412800,252
2020-08-04,1596499200,174
2020-08-05,1596585600,0
2020-08-06,1596672000,0
2020-08-07,1596758400,0
2020-08-08,1596844800,0
2020-08-09,1596931200,0
2020-08-10,1597017600,103
2020-08-11,1597104000,216
2020-08-12,1597190400,146
2020-08-13,1597276800,109
2020-08-14,1597363200,35
2020-08-15,1597449600,70
2020-08-16,1597536000,450
2020-08-17,1597622400,402
2020-08-18,1597708800,237
2020-08-19,1597795200,222
2020-08-20,1597881600,341
2020-08-21,1597968000,295
2020-08-22,1598054400,0
2020-08-23,1598140800,45
2020-08-24,1598227200,0
2020-08-25,1598313600,0
2020-08-26,1598400000,64
2020-08-27,1598486400,220
2020-08-28,1598572800,666
2020-08-29,1598659200,227
2020-08-30,1598745600,516
2020-08-31,1598832000,145
2020-09-01,1598918400,51
2020-09-02,1599004800,372
2020-09-03,1599091200,160
2020-09-04,1599177600,33
2020-09-05,1599264000,22
2020-09-06,1599350400,15
2020-09-07,1599436800,0
2020-09-08,1599523200,127
2020-09-09,1599609600,254
2020-09-10,1599696000,205
2020-09-11,1599782400,43
2020-09-12,1599868800,201
2020-09-13,1599955200,146
2020-09-14,1600041600,74
2020-09-15,1600128000,31
2020-09-16,1600214400,122
2020-09-17,1600300800,192
2020-09-18,1600387200,336
2020-09-19,1600473600,269
2020-09-20,1600560000,667
2020-09-21,1600646400,482
2020-09-22,1600732800,124
2020-09-23,1600819200,71
2020-09-24,1600905600,29
2020-09-25,1600992000,152
2020-09-26,1601078400,0
2020-09-27,1601164800,0
2020-09-28,1601251200,65
2020-09-29,1601337600,95
2020-09-30,1601424000,49
2020-10-01,1601510400,62
2020-10-02,1601596800,314
2020-10-03,1601683200,78
2020-10-04,1601769600,153
2020-10-05,1601856000,58
2020-10-06,1601942400,109
2020-10-07,1602028800,0
2020-10-08,1602115200,49
2020-10-09,1602201600,0
2020-10-10,1602288000,652
2020-10-11,1602374400,555
2020-10-12,1602460800,56
2020-10-13,1602547200,108
2020-10-17,1602892800,19
2020-10-18,1602979200,109
2020-10-19,1603065600,120
2020-10-20,1603152000,112
2020-10-21,1603238400,380
2020-10-22,1603324800,23
2020-10-23,1603411200,128
2020-10-24,1603497600,50
2020-10-25,1603584000,54
2020-10-26,1603670400,55
2020-10-27,1603756800,143
2020-10-28,1603843200,77
2020-10-29,1603929600,0
2020-10-30,1604016000,0
2020-10-31,1604102400,13
2020-11-01,1604188800,558
2020-11-02,1604275200,582
2020-11-03,1604361600,924
2020-11-04,1604448000,302
2020-11-05,1604534400,287
2020-11-06,1604620800,299
2020-11-07,1604707200,261
2020-11-08,1604793600,105
2020-11-09,1604880000,53
2020-11-10,1604966400,206
2020-11-11,1605052800,201
2020-11-12,1605139200,232
2020-11-13,1605225600,253
2020-11-14,1605312000,566
2020-11-15,1605398400,79
2020-11-16,1605484800,117
2020-11-17,1605571200,71
2020-11-18,1605657600,0
2020-11-19,1605744000,177
2020-11-20,1605830400,0
2020-11-21,1605916800,0
2020-11-22,1606003200,0
2020-11-23,1606089600,0
2020-11-24,1606176000,0
2020-11-25,1606262400,66
2020-11-26,1606348800,0
2020-11-27,1606435200,0
2020-11-28,1606521600,0
2020-11-29,1606608000,0
2020-11-30,1606694400,21
2020-12-01,1606780800,26
2020-12-02,1606867200,78
2020-12-03,1606953600,0
2020-12-04,1607040000,0
2020-12-05,1607126400,72
2020-12-06,1607212800,178
2020-12-07,1607299200,0
2020-12-08,1607385600,0
2020-12-09,1607472000,0
2020-12-10,1607558400,0
2020-12-11,1607644800,0
2020-12-12,1607731200,0
2020-12-13,1607817600,0
2020-12-14,1607904000,0
2020-12-15,1607990400,300
2020-12-16,1608076800,71
2020-12-17,1608163200,101
2020-12-18,1608249600,4
2020-12-19,1608336000,72
2020-12-20,1608422400,98
2020-12-21,1608508800,119
2020-12-22,1608595200,61
2020-12-23,1608681600,91
2020-12-24,1608768000,249
2020-12-25,1608854400,18
2020-12-26,1608940800,12
2020-12-27,1609027200,0
2020-12-28,1609113600,0
2020-12-29,1609200000,0
2020-12-30,1609286400,0
2020-12-31,1609372800,20
2021-01-01,1609459200,0
2021-01-02,1609545600,0
2021-01-03,1609632000,0
2021-01-04,1609718400,265
2021-01-05,1609804800,0
2021-01-06,1609891200,0
2021-01-07,1609977600,7
2021-01-08,1610064000,0
2021-01-09,1610150400,15
2021-01-10,1610236800,0
2021-01-11,1610323200,53
2021-01-19,1611014400,18
2021-01-20,1611100800,21
2021-01-23,1611360000,1
2021-01-25,1611532800,493
2021-01-28,1611792000,84
2021-01-30,1611964800,83
2021-02-03,1612310400,56
2021-02-04,1612396800,418
2021-02-05,1612483200,146
2021-02-06,1612569600,67
2021-02-07,1612656000,0
2021-02-08,1612742400,453
2021-02-09,1612828800,54
2021-02-12,1613088000,106
2021-02-13,1613174400,2
2021-02-16,1613433600,145
2021-02-17,1613520000,182
2021-02-18,1613606400,264
2021-02-19,1613692800,505
2021-02-20,1613779200,292
2021-02-21,1613865600,89
2021-02-22,1613952000,334
2021-02-23,1614038400,0
2021-02-24,1614124800,153
2021-02-25,1614211200,164
2021-02-26,1614297600,260
2021-02-27,1614384000,134
2021-02-28,1614470400,0
2021-03-01,1614556800,272
2021-03-02,1614643200,0
2021-03-03,1614729600,363
2021-03-04,1614816000,0
2021-03-05,1614902400,0
2021-03-06,1614988800,16
2021-03-07,1615075200,0
2021-03-08,1615161600,125
2021-03-09,1615248000,187
2021-03-10,1615334400,0
2021-03-11,1615420800,0
2021-03-12,1615507200,5
2021-03-13,1615593600,41
2021-03-14,1615680000,0
2021-03-15,1615766400,0
2021-03-16,1615852800,0
2021-03-17,1615939200,0
2021-03-18,1616025600,26
2021-03-19,1616112000,0
2021-03-20,1616198400,0
2021-03-21,1616284800,0
2021-03-22,1616371200,0
2021-03-23,1616457600,116
2021-03-24,1616544000,0
2021-03-25,1616630400,22
2021-03-26,1616716800,116
2021-03-27,1616803200,13
2021-03-28,1616889600,0
2021-03-29,1616976000,170
2021-03-30,1617062400,480
2021-03-31,1617148800,434
2021-04-01,1617235200,733
2021-04-02,1617321600,28
2021-04-03,1617408000,215
2021-04-04,1617494400,0
2021-04-05,1617580800,0
2021-04-06,1617667200,81
2021-04-07,1617753600,0
2021-04-08,1617840000,30
2021-04-09,1617926400,0
2021-04-10,1618012800,1
2021-04-11,1618099200,0
2021-04-12,1618185600,0
2021-04-13,1618272000,0
2021-04-14,1618358400,0
2021-04-15,1618444800,17
2021-04-16,1618531200,0
2021-04-17,1618617600,0
2021-04-18,1618704000,0
2021-04-19,1618790400,37
2021-04-20,1618876800,45
2021-04-21,1618963200,0
2021-04-22,1619049600,0
2021-04-23,1619136000,0
2021-04-24,1619222400,0
2021-04-25,1619308800,175
2021-04-26,1619395200,139
2021-04-27,1619481600,32
2021-04-28,1619568000,0
2021-04-29,1619654400,63
2021-04-30,1619740800,0
2021-05-01,1619827200,992
2021-05-02,1619913600,59
2021-05-03,1620000000,68
2021-05-04,1620086400,484
2021-05-05,1620172800,61
2021-05-06,1620259200,47
2021-05-07,1620345600,7
2021-05-08,1620432000,16
2021-05-09,1620518400,1952
2021-05-10,1620604800,293
2021-05-11,1620691200,17
2021-05-12,1620777600,66
2021-05-13,1620864000,56
2021-05-14,1620950400,0
2021-05-15,1621036800,0
2021-05-16,1621123200,37
2021-05-17,1621209600,189
2021-05-18,1621296000,0
2021-05-19,1621382400,1
2021-05-20,1621468800,0
2021-05-21,1621555200,408
2021-05-22,1621641600,0
2021-05-23,1621728000,0
2021-05-24,1621814400,0
2021-05-25,1621900800,0
2021-05-26,1621987200,98
2021-05-27,1622073600,191
2021-05-28,1622160000,305
2021-05-29,1622246400,0
2021-05-30,1622332800,53
2021-05-31,1622419200,280
2021-06-01,1622505600,236
2021-06-02,1622592000,33
2021-06-03,1622678400,45
2021-06-04,1622764800,45
2021-06-05,1622851200,0
2021-06-06,1622937600,58
2021-06-07,1623024000,0
2021-06-08,1623110400,130
2021-06-09,1623196800,57
2021-06-10,1623283200,25
2021-06-11,1623369600,106
2021-06-12,1623456000,1157
2021-06-13,1623542400,197
2021-06-14,1623628800,683
2021-06-15,1623715200,697
2021-06-16,1623801600,53
2021-06-17,1623888000,189
2021-06-18,1623974400,493
2021-06-19,1624060800,100
2021-06-20,1624147200,166
2021-06-21,1624233600,108
2021-06-22,1624320000,135
2021-06-23,1624406400,0
2021-06-24,1624492800,0
2021-06-25,1624579200,30
2021-06-26,1624665600,109
2021-06-27,1624752000,294
2021-06-28,1624838400,99
2021-06-29,1624924800,334
2021-06-30,1625011200,305
2021-07-01,1625097600,322
2021-07-02,1625184000,12
2021-07-03,1625270400,434
2021-07-04,1625356800,316
2021-07-05,1625443200,120
2021-07-06,1625529600,101
2021-07-07,1625616000,858
2021-07-08,1625702400,204
2021-07-09,1625788800,720
2021-07-10,1625875200,168
2021-07-11,1625961600,139
2021-07-12,1626048000,560
2021-07-13,1626134400,104
2021-07-14,1626220800,18
2021-07-15,1626307200,0
2021-07-16,1626393600,0
2021-07-17,1626480000,0
2021-07-18,1626566400,0
2021-07-19,1626652800,0
2021-07-20,1626739200,17
2021-07-21,1626825600,508
2021-07-22,1626912000,403
2021-07-23,1626998400,941
2021-07-24,1627084800,730
2021-07-25,1627171200,251
2021-07-26,1627257600,0
2021-07-27,1627344000,0
2021-07-28,1627430400,297
2021-07-29,1627516800,682
2021-07-30,1627603200,338
2021-07-31,1627689600,335
2021-08-01,1627776000,224
2021-08-02,1627862400,562
2021-08-03,1627948800,268
2021-08-04,1628035200,135
2021-08-05,1628121600,67
2021-08-06,1628208000,292
2021-08-07,1628294400,539
2021-08-08,1628380800,568
2021-08-09,1628467200,76
2021-08-10,1628553600,147
2021-08-11,1628640000,530
2021-08-12,1628726400,249
2021-08-13,1628812800,343
2021-08-14,1628899200,756
2021-08-15,1628985600,520
2021-08-16,1629072000,155
2021-08-17,1629158400,279
2021-08-18,1629244800,200
2021-08-19,1629331200,0
2021-08-20,1629417600,56
2021-08-21,1629504000,258
2021-08-22,1629590400,131
2021-08-23,1629676800,999
2021-08-24,1629763200,688
2021-08-25,1629849600,95
2021-08-26,1629936000,106
2021-08-27,1630022400,123
2021-08-28,1630108800,843
2021-08-29,1630195200,382
2021-08-30,1630281600,196
2021-08-31,1630368000,499
2021-09-01,1630454400,68
2021-09-02,1630540800,87
2021-09-03,1630627200,12
2021-09-04,1630713600,156
2021-09-05,1630800000,195
2021-09-06,1630886400,37
2021-09-07,1630972800,165
2021-09-08,1631059200,579
2021-09-09,1631145600,378
2021-09-10,1631232000,17
2021-09-11,1631318400,2
2021-09-12,1631404800,82
2021-09-13,1631491200,98
2021-09-14,1631577600,771
2021-09-15,1631664000,693
2021-09-16,1631750400,293
2021-09-17,1631836800,135
2021-09-18,1631923200,87
2021-09-19,1632009600,9
2021-09-20,1632096000,92
2021-09-21,1632182400,134
2021-09-22,1632268800,256
2021-09-23,1632355200,406
2021-09-24,1632441600,207
2021-09-25,1632528000,333
2021-09-26,1632614400,61
2021-09-27,1632700800,836
2021-09-28,1632787200,162
2021-09-29,1632873600,406
2021-09-30,1632960000,162
2021-10-01,1633046400,211
2021-10-02,1633132800,480
2021-10-03,1633219200,706
2021-10-04,1633305600,136
2021-10-05,1633392000,0
2021-10-06,1633478400,97
2021-10-07,1633564800,0
2021-10-08,1633651200,202
2021-10-09,1633737600,0
2021-10-10,1633824000,97
2021-10-11,1633910400,273
2021-10-12,1633996800,119
2021-10-13,1634083200,500
2021-10-14,1634169600,84
2021-10-15,1634256000,59
2021-10-16,1634342400,13
2021-10-17,1634428800,456
2021-10-18,1634515200,357
2021-10-19,1634601600,556
2021-10-20,1634688000,212
2021-10-21,1634774400,630
2021-10-22,1634860800,58
2021-10-23,1634947200,909
2021-10-24,1635033600,194
2021-10-25,1635120000,105
2021-10-26,1635206400,50
2021-10-27,1635292800,367
2021-10-28,1635379200,0
2021-10-29,1635465600,0
2021-10-30,1635552000,59
2021-10-31,1635638400,180
2021-11-01,1635724800,117
2021-11-02,1635811200,172
2021-11-03,1635897600,499
2021-11-04,1635984000,163
2021-11-05,1636070400,312
2021-11-06,1636156800,60
2021-11-07,1636243200,1057
2021-11-08,1636329600,602
2021-11-09,1636416000,382
2021-11-10,1636502400,568
2021-11-11,1636588800,354
2021-11-12,1636675200,27
2021-11-13,1636761600,102
2021-11-14,1636848000,1023
2021-11-15,1636934400,153
2021-11-16,1637020800,212
2021-11-17,1637107200,181
2021-11-18,1637193600,50
2021-11-19,1637280000,186
2021-11-20,1637366400,70
2021-11-21,1637452800,962
2021-11-22,1637539200,214
2021-11-23,1637625600,52
2021-11-24,1637712000,67
2021-11-25,1637798400,814
2021-11-26,1637884800,384
2021-11-27,1637971200,244
2021-11-28,1638057600,0
2021-11-29,1638144000,0
2021-11-30,1638230400,490
2021-12-01,1638316800,0
2021-12-02,1638403200,119
2021-12-03,1638489600,0
2021-12-04,1638576000,0
2021-12-05,1638662400,0
2021-12-06,1638748800,0
2021-12-07,1638835200,0
2021-12-08,1638921600,0
2021-12-09,1639008000,0
2021-12-10,1639094400,0
2021-12-11,1639180800,0
2021-12-12,1639267200,0
2021-12-13,1639353600,0
2021-12-14,1639440000,14
2021-12-15,1639526400,67
2021-12-16,1639612800,267
2021-12-17,1639699200,462
2021-12-18,1639785600,0
2021-12-19,1639872000,0
2021-12-20,1639958400,132
2021-12-21,1640044800,51
2021-12-22,1640131200,271
2021-12-23,1640217600,286
2021-12-24,1640304000,654
2021-12-25,1640390400,564
2021-12-26,1640476800,601
2021-12-27,1640563200,45
2021-12-28,1640649600,0
2021-12-29,1640736000,558
2021-12-30,1640822400,0
2021-12-31,1640908800,443
2022-01-01,1640995200,36
2022-01-02,1641081600,45
2022-01-03,1641168000,35
2022-01-04,1641254400,209
2022-01-05,1641340800,43
2022-01-06,1641427200,0
2022-01-07,1641513600,0
2022-01-08,1641600000,10
2022-01-09,1641686400,0
2022-01-10,1641772800,0
2022-01-11,1641859200,0
2022-01-12,1641945600,0
2022-01-13,1642032000,0
2022-01-14,1642118400,0
2022-01-15,1642204800,0
2022-01-16,1642291200,8
2022-01-17,1642377600,0
2022-01-18,1642464000,0
2022-01-19,1642550400,196
2022-01-20,1642636800,260
2022-01-21,1642723200,514
2022-01-22,1642809600,231
2022-01-23,1642896000,157
2022-01-24,1642982400,27
2022-01-25,1643068800,280
2022-01-26,1643155200,23
2022-01-27,1643241600,176
2022-01-28,1643328000,609
2022-01-29,1643414400,0
2022-01-30,1643500800,176
2022-01-31,1643587200,0
2022-02-01,1643673600,0
2022-02-02,1643760000,0
2022-02-03,1643846400,0
2022-02-04,1643932800,0
2022-02-05,1644019200,18
2022-02-06,1644105600,0
2022-02-07,1644192000,0
2022-02-08,1644278400,0
2022-02-09,1644364800,0
2022-02-10,1644451200,102
2022-02-11,1644537600,257
2022-02-12,1644624000,365
2022-02-13,1644710400,247
2022-02-14,1644796800,56
2022-02-15,1644883200,85
2022-02-16,1644969600,98
2022-02-17,1645056000,0
2022-02-18,1645142400,0
2022-02-19,1645228800,438
2022-02-20,1645315200,0
2022-02-21,1645401600,0
2022-02-22,1645488000,572
2022-02-23,1645574400,0
2022-02-24,1645660800,72
2022-02-25,1645747200,0
2022-02-26,1645833600,129
2022-02-27,1645920000,0
2022-02-28,1646006400,0
2022-03-01,1646092800,0
2022-03-02,1646179200,0
2022-03-03,1646265600,0
2022-03-04,1646352000,78
2022-03-05,1646438400,77
2022-03-06,1646524800,0
2022-03-07,1646611200,178
2022-03-08,1646697600,169
2022-03-09,1646784000,0
2022-03-10,1646870400,0
2022-03-11,1646956800,105
2022-03-12,1647043200,71
2022-03-13,1647129600,0
2022-03-14,1647216000,111
2022-03-15,1647302400,0
2022-03-16,1647388800,104
2022-03-17,1647475200,0
2022-03-18,1647561600,12
2022-03-19,1647648000,0
2022-03-20,1647734400,0
2022-03-21,1647820800,0
2022-03-22,1647907200,0
2022-03-23,1647993600,139
2022-03-24,1648080000,25
2022-03-25,1648166400,0
2022-03-26,1648252800,0
2022-03-27,1648339200,0
2022-03-28,1648425600,159
2022-03-29,1648512000,6
2022-03-30,1648598400,62
2022-03-31,1648684800,62
2022-04-01,1648771200,0
2022-04-02,1648857600,0
2022-04-03,1648944000,0
2022-04-04,1649030400,0
2022-04-05,1649116800,0
2022-04-06,1649203200,106
2022-04-07,1649289600,0
2022-04-08,1649376000,148
2022-04-09,1649462400,537
2022-04-10,1649548800,305
2022-04-11,1649635200,0
2022-04-12,1649721600,504
2022-04-13,1649808000,0
2022-04-14,1649894400,0
2022-04-15,1649980800,0
2022-04-16,1650067200,210
2022-04-17,1650153600,0
2022-04-18,1650240000,0
2022-04-19,1650326400,27
2022-04-20,1650412800,0
2022-04-21,1650499200,0
2022-04-22,1650585600,40
2022-04-23,1650672000,69
2022-04-24,1650758400,311
2022-04-25,1650844800,457
2022-04-26,1650931200,127
2022-04-27,1651017600,219
2022-04-28,1651104000,296
2022-04-29,1651190400,265
2022-04-30,1651276800,308
2022-05-01,1651363200,0
2022-05-02,1651449600,203
2022-05-03,1651536000,168
2022-05-04,1651622400,94
2022-05-05,1651708800,295
2022-05-06,1651795200,205
2022-05-07,1651881600,71
2022-05-08,1651968000,0
2022-05-09,1652054400,86
2022-05-10,1652140800,282
2022-05-11,1652227200,159
2022-05-12,1652313600,339
2022-05-13,1652400000,402
2022-05-14,1652486400,687
2022-05-15,1652572800,886
2022-05-16,1652659200,366
2022-05-17,1652745600,805
2022-05-18,1652832000,706
2022-05-19,1652918400,639
2022-05-20,1653004800,0
2022-05-21,1653091200,405
2022-05-22,1653177600,44
2022-05-23,1653264000,259
2022-05-24,1653350400,110
2022-05-25,1653436800,136
2022-05-26,1653523200,202
2022-05-27,1653609600,159
2022-05-28,1653696000,0
2022-05-29,1653782400,358
2022-05-30,1653868800,565
2022-05-31,1653955200,89
2022-06-01,1654041600,211
2022-06-02,1654128000,315
2022-06-03,1654214400,147
2022-06-04,1654300800,194
2022-06-05,1654387200,286
2022-06-06,1654473600,333
2022-06-07,1654560000,215
2022-06-08,1654646400,61
2022-06-09,1654732800,451
2022-06-10,1654819200,76
2022-06-11,1654905600,92
2022-06-12,1654992000,0
2022-06-13,1655078400,22
2022-06-14,1655164800,187
2022-06-15,1655251200,846
2022-06-16,1655337600,648
2022-06-17,1655424000,355
2022-06-18,1655510400,273
2022-06-19,1655596800,286
2022-06-20,1655683200,245
2022-06-21,1655769600,84
2022-06-22,1655856000,650
2022-06-23,1655942400,337
2022-06-24,1656028800,710
2022-06-25,1656115200,32
2022-06-26,1656201600,31
2022-06-27,1656288000,286
2022-06-28,1656374400,492
2022-06-29,1656460800,78
2022-06-30,1656547200,209
2022-07-01,1656633600,284
2022-07-02,1656720000,348
2022-07-03,1656806400,140
2022-07-04,1656892800,540
2022-07-05,1656979200,725
2022-07-06,1657065600,664
2022-07-07,1657152000,528
2022-07-08,1657238400,0
2022-07-09,1657324800,0
2022-07-10,1657411200,77
2022-07-11,1657497600,0
2022-07-12,1657584000,394
2022-07-13,1657670400,338
2022-07-14,1657756800,249
2022-07-15,1657843200,265
2022-07-16,1657929600,552
2022-07-17,1658016000,450
2022-07-18,1658102400,361
2022-07-19,1658188800,124
2022-07-20,1658275200,267
2022-07-21,1658361600,33
2022-07-22,1658448000,502
2022-07-23,1658534400,627
2022-07-24,1658620800,1499
2022-07-25,1658707200,632
2022-07-26,1658793600,642
2022-07-27,1658880000,711
2022-07-28,1658966400,696
2022-07-29,1659052800,228
2022-07-30,1659139200,1540
2022-07-31,1659225600,385
2022-08-01,1659312000,605
2022-08-02,1659398400,158
2022-08-03,1659484800,159
2022-08-04,1659571200,283
2022-08-05,1659657600,1047
2022-08-06,1659744000,520
2022-08-07,1659830400,430
2022-08-08,1659916800,52
2022-08-09,1660003200,262
2022-08-10,1660089600,227
2022-08-11,1660176000,486
2022-08-12,1660262400,585
2022-08-13,1660348800,1441
2022-08-14,1660435200,338
2022-08-15,1660521600,267
2022-08-16,1660608000,645
2022-08-17,1660694400,800
2022-08-18,1660780800,282
2022-08-19,1660867200,337
2022-08-20,1660953600,121
2022-08-21,1661040000,279
2022-08-22,1661126400,569
2022-08-23,1661212800,0
2022-08-24,1661299200,1230
2022-08-25,1661385600,396
2022-08-26,1661472000,435
2022-08-27,1661558400,1902
2022-08-28,1661644800,494
2022-08-29,1661731200,673
2022-08-30,1661817600,606
2022-08-31,1661904000,1187
2022-09-01,1661990400,756
2022-09-02,1662076800,390
2022-09-03,1662163200,924
2022-09-04,1662249600,1103
2022-09-05,1662336000,180
2022-09-06,1662422400,208
2022-09-07,1662508800,385
2022-09-08,1662595200,391
2022-09-09,1662681600,369
2022-09-10,1662768000,234
2022-09-11,1662854400,248
2022-09-12,1662940800,1031
2022-09-13,1663027200,988
2022-09-14,1663113600,647
2022-09-15,1663200000,73
2022-09-16,1663286400,1181
2022-09-17,1663372800,502
2022-09-18,1663459200,275
2022-09-19,1663545600,88
2022-09-20,1663632000,137
2022-09-21,1663718400,174
2022-09-22,1663804800,904
2022-09-23,1663891200,75
2022-09-24,1663977600,71
2022-09-25,1664064000,162
2022-09-26,1664150400,102
2022-09-27,1664236800,412
2022-09-28,1664323200,476
2022-09-29,1664409600,529
2022-09-30,1664496000,465
2022-10-01,1664582400,246
2022-10-02,1664668800,173
2022-10-03,1664755200,43
2022-10-04,1664841600,159
2022-10-05,1664928000,266
2022-10-06,1665014400,44
2022-10-07,1665100800,598
2022-10-08,1665187200,323
2022-10-09,1665273600,289
2022-10-10,1665360000,118
2022-10-11,1665446400,267
2022-10-12,1665532800,306
2022-10-13,1665619200,344
2022-10-14,1665705600,65
2022-10-15,1665792000,440
2022-10-16,1665878400,312
2022-10-17,1665964800,50
2022-10-18,1666051200,381
2022-10-19,1666137600,277
2022-10-20,1666224000,676
2022-10-21,1666310400,325
2022-10-22,1666396800,690
2022-10-23,1666483200,196
2022-10-24,1666569600,635
2022-10-25,1666656000,596
2022-10-26,1666742400,1094
2022-10-27,1666828800,1449
2022-10-28,1666915200,690
2022-10-29,1667001600,582
2022-10-30,1667088000,1486
2022-10-31,1667174400,372
2022-11-01,1667260800,708
2022-11-02,1667347200,405
2022-11-03,1667433600,937
2022-11-04,1667520000,37
2022-11-05,1667606400,224
2022-11-06,1667692800,502
2022-11-07,1667779200,381
2022-11-08,1667865600,707
2022-11-09,1667952000,517
2022-11-10,1668038400,529
2022-11-11,1668124800,509
2022-11-12,1668211200,482
2022-11-13,1668297600,403
2022-11-14,1668384000,1258
2022-11-15,1668470400,319
2022-11-16,1668556800,288
2022-11-17,1668643200,26
2022-11-18,1668729600,102
2022-11-19,1668816000,147
2022-11-20,1668902400,138
2022-11-21,1668988800,442
2022-11-22,1669075200,0
2022-11-23,1669161600,0
2022-11-24,1669248000,0
2022-11-25,1669334400,0
2022-11-26,1669420800,0
2022-11-27,1669507200,0
2022-11-28,1669593600,0
2022-11-29,1669680000,0
2022-11-30,1669766400,0
2022-12-01,1669852800,0
2022-12-02,1669939200,305
2022-12-03,1670025600,15
2022-12-04,1670112000,201
2022-12-05,1670198400,894
2022-12-06,1670284800,866
2022-12-07,1670371200,254
2022-12-08,1670457600,315
2022-12-09,1670544000,126
2022-12-10,1670630400,93
2022-12-11,1670716800,714
2022-12-12,1670803200,0
2022-12-13,1670889600,0
2022-12-14,1670976000,527
2022-12-15,1671062400,56
2022-12-16,1671148800,10
2022-12-17,1671235200,43
2022-12-18,1671321600,144
2022-12-19,1671408000,261
2022-12-20,1671494400,917
2022-12-21,1671580800,785
2022-12-22,1671667200,251
2022-12-23,1671753600,108
2022-12-24,1671840000,87
2022-12-25,1671926400,82
2022-12-26,1672012800,483
2022-12-27,1672099200,650
2022-12-28,1672185600,939
2022-12-29,1672272000,377
2022-12-30,1672358400,613
2022-12-31,1672444800,672
2023-01-01,1672531200,525
2023-01-02,1672617600,499
2023-01-03,1672704000,1193
2023-01-04,1672790400,337
2023-01-05,1672876800,256
2023-01-06,1672963200,376
2023-01-07,1673049600,50
2023-01-08,1673136000,364
2023-01-09,1673222400,98
2023-01-10,1673308800,37
2023-01-11,1673395200,0
2023-01-12,1673481600,73
2023-01-13,1673568000,0
2023-01-14,1673654400,0
2023-01-15,1673740800,7
2023-01-16,1673827200,47
2023-01-17,1673913600,0
2023-01-18,1674000000,0
2023-01-19,1674086400,0
2023-01-20,1674172800,0
2023-01-21,1674259200,43
2023-01-22,1674345600,0
2023-01-23,1674432000,35
2023-01-24,1674518400,162
2023-01-25,1674604800,351
2023-01-26,1674691200,0
2023-01-27,1674777600,0
2023-01-28,1674864000,271
2023-01-29,1674950400,235
2023-01-30,1675036800,0
2023-01-31,1675123200,4
2023-02-01,1675209600,0
2023-02-02,1675296000,75
2023-02-03,1675382400,473
2023-02-04,1675468800,76
2023-02-05,1675555200,0
2023-02-06,1675641600,379
2023-02-07,1675728000,494
2023-02-08,1675814400,0
2023-02-09,1675900800,0
2023-02-10,1675987200,0
2023-02-11,1676073600,0
2023-02-12,1676160000,0
2023-02-13,1676246400,26
2023-02-14,1676332800,288
2023-02-15,1676419200,813
2023-02-16,1676505600,1554
2023-02-17,1676592000,1007
2023-02-18,1676678400,1026
2023-02-19,1676764800,835
2023-02-20,1676851200,285
2023-02-21,1676937600,279
2023-02-22,1677024000,330
2023-02-23,1677110400,1116
2023-02-24,1677196800,248
2023-02-25,1677283200,81
2023-02-26,1677369600,80
2023-02-27,1677456000,0
2023-02-28,1677542400,0
2023-03-01,1677628800,0
2023-03-02,1677715200,0
2023-03-03,1677801600,211
2023-03-04,1677888000,0
2023-03-05,1677974400,0
2023-03-06,1678060800,0
2023-03-07,1678147200,0
2023-03-08,1678233600,468
2023-03-09,1678320000,1865
2023-03-10,1678406400,1120
2023-03-11,1678492800,1470
2023-03-12,1678579200,343
2023-03-13,1678665600,17
2023-03-14,1678752000,15
2023-03-15,1678838400,0
2023-03-16,1678924800,0
2023-03-17,1679011200,37
2023-03-18,1679097600,274
2023-03-19,1679184000,116
2023-03-20,1679270400,0
2023-03-21,1679356800,0
2023-03-22,1679443200,0
2023-03-23,1679529600,491
2023-03-24,1679616000,2808
2023-03-25,1679702400,2034
2023-03-26,1679788800,789
2023-03-27,1679875200,632
2023-03-28,1679961600,161
2023-03-29,1680048000,0
2023-03-30,1680134400,40
2023-03-31,1680220800,372
2023-04-01,1680307200,321
2023-04-02,1680393600,0
2023-04-03,1680480000,67
2023-04-04,1680566400,92
2023-04-05,1680652800,167
2023-04-06,1680739200,0
2023-04-07,1680825600,540
2023-04-08,1680912000,805
2023-04-09,1680998400,1387
2023-04-10,1681084800,54
2023-04-11,1681171200,230
2023-04-12,1681257600,966
2023-04-13,1681344000,442
2023-04-14,1681430400,733
2023-04-15,1681516800,221
2023-04-16,1681603200,422
2023-04-17,1681689600,201
2023-04-18,1681776000,339
2023-04-19,1681862400,378
2023-04-20,1681948800,30
2023-04-21,1682035200,131
2023-04-22,1682121600,430
2023-04-23,1682208000,673
2023-04-24,1682294400,1132
2023-04-25,1682380800,837
2023-04-26,1682467200,1099
2023-04-27,1682553600,1298
2023-04-28,1682640000,704
2023-04-29,1682726400,674
2023-04-30,1682812800,133
2023-05-01,1682899200,0
2023-05-04,1683158400,0
2023-05-05,1683244800,583
2023-05-06,1683331200,1356
2023-05-07,1683417600,341
2023-05-08,1683504000,55
2023-05-09,1683590400,374
2023-05-10,1683676800,42
2023-05-11,1683763200,0
2023-05-12,1683849600,223
2023-05-13,1683936000,129
2023-05-14,1684022400,0
2023-05-15,1684108800,0
2023-05-16,1684195200,0
2023-05-17,1684281600,0
2023-05-18,1684368000,209
2023-05-19,1684454400,850
2023-05-20,1684540800,48
2023-05-21,1684627200,0
2023-05-22,1684713600,0
2023-05-23,1684800000,42
2023-05-24,1684886400,423
2023-05-25,1684972800,671
2023-05-26,1685059200,6
2023-05-27,1685145600,95
2023-05-28,1685232000,473
2023-05-29,1685318400,454
2023-05-30,1685404800,922
2023-05-31,1685491200,655
2023-06-01,1685577600,508
2023-06-02,1685664000,571
2023-06-03,1685750400,178
2023-06-04,1685836800,16
2023-06-05,1685923200,103
2023-06-06,1686009600,525
2023-06-07,1686096000,1014
2023-06-08,1686182400,456
2023-06-09,1686268800,477
2023-06-10,1686355200,105
2023-06-11,1686441600,493
2023-06-12,1686528000,271
2023-06-13,1686614400,485
2023-06-14,1686700800,105
2023-06-15,1686787200,88
2023-06-16,1686873600,0
2023-06-17,1686960000,152
2023-06-18,1687046400,753
2023-06-19,1687132800,866
2023-06-20,1687219200,560
2023-06-21,1687305600,520
2023-06-22,1687392000,887
2023-06-23,1687478400,774
2023-06-24,1687564800,301
2023-06-25,1687651200,192
2023-06-26,1687737600,0
2023-06-27,1687824000,249
2023-06-28,1687910400,1360
2023-06-29,1687996800,2307
2023-06-30,1688083200,848
2023-07-01,1688169600,239
2023-07-02,1688256000,70
2023-07-03,1688342400,45
2023-07-04,1688428800,618
2023-07-05,1688515200,611
2023-07-06,1688601600,1735
2023-07-07,1688688000,1001
2023-07-08,1688774400,268
2023-07-09,1688860800,901
2023-07-10,1688947200,1029
2023-07-11,1689033600,1137
2023-07-12,1689120000,619
2023-07-13,1689206400,1017
2023-07-14,1689292800,685
2023-07-15,1689379200,1237
2023-07-16,1689465600,1149
2023-07-17,1689552000,1366
2023-07-18,1689638400,1509
2023-07-19,1689724800,970
2023-07-20,1689811200,1317
2023-07-21,1689897600,893
2023-07-22,1689984000,731
2023-07-23,1690070400,948
2023-07-24,1690156800,1261
2023-07-25,1690243200,411
2023-07-26,1690329600,73
2023-07-27,1690416000,274
2023-07-28,1690502400,269
2023-07-29,1690588800,359
2023-07-30,1690675200,203
2023-07-31,1690761600,475
2023-08-01,1690848000,226
2023-08-02,1690934400,236
2023-08-03,1691020800,1556
2023-08-04,1691107200,1671
2023-08-05,1691193600,576
2023-08-06,1691280000,263
2023-08-07,1691366400,0
2023-08-08,1691452800,80
2023-08-09,1691539200,462
2023-08-10,1691625600,1705
2023-08-11,1691712000,1350
2023-08-12,1691798400,1471
2023-08-13,1691884800,987
2023-08-14,1691971200,897
2023-08-15,1692057600,590
2023-08-16,1692144000,628
2023-08-17,1692230400,977
2023-08-18,1692316800,1196
2023-08-19,1692403200,910
2023-08-20,1692489600,727
2023-08-21,1692576000,10
2023-08-22,1692662400,376
2023-08-23,1692748800,190
2023-08-24,1692835200,1125
2023-08-25,1692921600,2293
2023-08-26,1693008000,3053
2023-08-27,1693094400,975
2023-08-28,1693180800,309
2023-08-29,1693267200,99
2023-08-30,1693353600,636
2023-08-31,1693440000,99
2023-09-01,1693526400,176
2023-09-02,1693612800,45
2023-09-03,1693699200,34
2023-09-04,1693785600,310
2023-09-05,1693872000,126
2023-09-06,1693958400,0
2023-09-07,1694044800,68
2023-09-08,1694131200,31
2023-09-09,1694217600,8
2023-09-10,1694304000,321
2023-09-11,1694390400,2081
2023-09-12,1694476800,5011
2023-09-13,1694563200,2983
2023-09-14,1694649600,1125
2023-09-15,1694736000,796
2023-09-16,1694822400,1088
2023-09-17,1694908800,1036
2023-09-18,1694995200,598
2023-09-19,1695081600,1654
2023-09-20,1695168000,693
2023-09-21,1695254400,111
2023-09-22,1695340800,0
2023-09-23,1695427200,0
2023-09-24,1695513600,163
2023-09-25,1695600000,28
2023-09-26,1695686400,83
2023-09-27,1695772800,59
2023-09-28,1695859200,0
2023-09-29,1695945600,363
2023-09-30,1696032000,218
2023-10-01,1696118400,409
2023-10-02,1696204800,345
2023-10-03,1696291200,744
2023-10-04,1696377600,353
2023-10-05,1696464000,296
2023-10-06,1696550400,693
2023-10-07,1696636800,202
2023-10-08,1696723200,647
2023-10-09,1696809600,713
2023-10-10,1696896000,571
2023-10-11,1696982400,153
2023-10-12,1697068800,363
2023-10-13,1697155200,299
2023-10-14,1697241600,337
2023-10-15,1697328000,535
2023-10-16,1697414400,128
2023-10-17,1697500800,46
2023-10-18,1697587200,268
2023-10-19,1697673600,184
2023-10-20,1697760000,225
2023-10-21,1697846400,0
2023-10-22,1697932800,246
2023-10-23,1698019200,0
2023-10-24,1698105600,212
2023-10-25,1698192000,56
2023-10-26,1698278400,471
2023-10-27,1698364800,177
2023-10-28,1698451200,659
2023-10-29,1698537600,671
2023-10-30,1698624000,211
2023-10-31,1698710400,63
2023-11-01,1698796800,505
2023-11-02,1698883200,118
2023-11-03,1698969600,0
2023-11-04,1699056000,606
2023-11-05,1699142400,0
2023-11-06,1699228800,251
2023-11-07,1699315200,320
2023-11-08,1699401600,0
2023-11-09,1699488000,70
2023-11-10,1699574400,588
2023-11-11,1699660800,312
2023-11-12,1699747200,370
2023-11-13,1699833600,0
2023-11-14,1699920000,1083
2023-11-15,1700006400,1271
2023-11-16,1700092800,0
2023-11-17,1700179200,44
2023-11-18,1700265600,0
2023-11-19,1700352000,24
2023-11-20,1700438400,1125
2023-11-21,1700524800,433
2023-11-22,1700611200,145
2023-11-23,1700697600,21
2023-11-24,1700784000,0
2023-11-25,1700870400,0
2023-11-26,1700956800,0
2023-11-27,1701043200,832
2023-11-28,1701129600,0
2023-11-29,1701216000,56
2023-11-30,1701302400,143
2023-12-01,1701388800,38
2023-12-02,1701475200,200
2023-12-03,1701561600,151
2023-12-04,1701648000,78
2023-12-05,1701734400,8
2023-12-06,1701820800,51
2023-12-07,1701907200,185
2023-12-08,1701993600,0
2023-12-09,1702080000,0
2023-12-10,1702166400,0
2023-12-11,1702252800,0
2023-12-12,1702339200,85
2023-12-13,1702425600,148
2023-12-14,1702512000,48
2023-12-15,1702598400,178
2023-12-16,1702684800,36
2023-12-17,1702771200,0
2023-12-18,1702857600,0
2023-12-19,1702944000,26
2023-12-20,1703030400,4
2023-12-21,1703116800,26
2023-12-22,1703203200,0
2023-12-23,1703289600,0
2023-12-24,1703376000,0
2023-12-25,1703462400,184
2023-12-26,1703548800,530
2023-12-27,1703635200,724
2023-12-28,1703721600,620
2023-12-29,1703808000,411
2023-12-30,1703894400,698
2023-12-31,1703980800,807
2024-01-01,1704067200,147
2024-01-02,1704153600,9
2024-01-03,1704240000,336
2024-01-04,1704326400,0
2024-01-05,1704412800,60
2024-01-06,1704499200,0
2024-01-07,1704585600,0
2024-01-08,1704672000,0
2024-01-09,1704758400,0
2024-01-10,1704844800,55
2024-01-11,1704931200,142
2024-01-12,1705017600,0
2024-01-13,1705104000,0
2024-01-14,1705190400,0
2024-01-15,1705276800,37
2024-01-16,1705363200,0
2024-01-17,1705449600,95
2024-01-18,1705536000,35
2024-01-19,1705622400,170
2024-01-20,1705708800,86
2024-01-21,1705795200,126
2024-01-22,1705881600,0
2024-01-23,1705968000,0
2024-01-24,1706054400,0
2024-01-25,1706140800,7
2024-01-26,1706227200,0
2024-01-27,1706313600,0
2024-01-28,1706400000,115
2024-01-29,1706486400,443
2024-01-30,1706572800,211
2024-01-31,1706659200,184
2024-02-01,1706745600,372
2024-02-02,1706832000,83
2024-02-03,1706918400,46
2024-02-04,1707004800,83
2024-02-05,1707091200,218
2024-02-06,1707177600,109
2024-02-07,1707264000,0
2024-02-08,1707350400,259
2024-02-09,1707436800,365
2024-02-10,1707523200,189
2024-02-11,1707609600,0
2024-02-12,1707696000,0
2024-02-13,1707782400,40
2024-02-14,1707868800,0
2024-02-15,1707955200,23
2024-02-16,1708041600,52
2024-02-17,1708128000,52
2024-02-18,1708214400,0
2024-02-19,1708300800,55
2024-02-20,1708387200,43
2024-02-21,1708473600,121
2024-02-22,1708560000,32
2024-02-23,1708646400,0
2024-02-24,1708732800,41
2024-02-25,1708819200,0
2024-02-26,1708905600,17
2024-02-27,1708992000,0
2024-02-28,1709078400,45
2024-02-29,1709164800,56
2024-03-01,1709251200,0
2024-03-02,1709337600,0
2024-03-03,1709424000,79
2024-03-04,1709510400,77
2024-03-05,1709596800,70
2024-03-06,1709683200,0
2024-03-07,1709769600,110
2024-03-08,1709856000,314
2024-03-09,1709942400,270
2024-03-10,1710028800,144
2024-03-11,1710115200,142
2024-03-12,1710201600,94
2024-03-13,1710288000,53
2024-03-14,1710374400,509
2024-03-15,1710460800,723
2024-03-16,1710547200,598
2024-03-17,1710633600,0
2024-03-18,1710720000,888
2024-03-19,1710806400,0
2024-03-20,1710892800,249
2024-03-21,1710979200,513
2024-03-22,1711065600,432
2024-03-23,1711152000,987
2024-03-24,1711238400,379
2024-03-25,1711324800,139
2024-03-26,1711411200,0
2024-03-27,1711497600,0
2024-03-28,1711584000,44
2024-03-29,1711670400,0
2024-03-30,1711756800,0
2024-03-31,1711843200,43
2024-04-01,1711929600,0
2024-04-02,1712016000,0
2024-04-03,1712102400,553
2024-04-04,1712188800,675
2024-04-05,1712275200,1123
2024-04-06,1712361600,601
2024-04-07,1712448000,639
2024-04-08,1712534400,637
2024-04-09,1712620800,129
2024-04-10,1712707200,317
2024-04-11,1712793600,0
2024-04-12,1712880000,0
2024-04-13,1712966400,0
2024-04-14,1713052800,0
2024-04-15,1713139200,0
2024-04-16,1713225600,0
2024-04-17,1713312000,0
2024-04-18,1713398400,0
2024-04-19,1713484800,0
2024-04-20,1713571200,0
2024-04-21,1713657600,0
2024-04-22,1713744000,0
2024-04-23,1713830400,0
2024-04-24,1713916800,0
2024-04-25,1714003200,0
2024-04-26,1714089600,0
2024-04-27,1714176000,0
2024-04-28,1714262400,47
2024-04-29,1714348800,0
2024-04-30,1714435200,0
2024-05-01,1714521600,0
2024-05-02,1714608000,59
2024-05-03,1714694400,46
2024-05-04,1714780800,331
2024-05-05,1714867200,733
2024-05-06,1714953600,303
2024-05-07,1715040000,57
2024-05-08,1715126400,0
2024-05-09,1715212800,32
2024-05-10,1715299200,0
2024-05-11,1715385600,141
2024-05-12,1715472000,409
2024-05-13,1715558400,111
2024-05-14,1715644800,54
2024-05-15,1715731200,43
2024-05-16,1715817600,137
2024-05-17,1715904000,7
2024-05-18,1715990400,159
2024-05-19,1716076800,129
2024-05-20,1716163200,70
2024-05-21,1716249600,104
2024-05-22,1716336000,189
2024-05-23,1716422400,105
2024-05-24,1716508800,91
2024-05-25,1716595200,99
2024-05-26,1716681600,46
2024-05-27,1716768000,259
2024-05-28,1716854400,333
2024-05-29,1716940800,263
2024-05-30,1717027200,369
2024-05-31,1717113600,297
2024-06-01,1717200000,176
2024-06-02,1717286400,218
2024-06-03,1717372800,67
2024-06-04,1717459200,0
2024-06-05,1717545600,195
2024-06-06,1717632000,0
2024-06-07,1717718400,209
2024-06-08,1717804800,531
2024-06-09,1717891200,387
2024-06-10,1717977600,0
2024-06-11,1718064000,167
2024-06-12,1718150400,98
2024-06-13,1718236800,5
2024-06-14,1718323200,0
2024-06-15,1718409600,150
2024-06-16,1718496000,135
2024-06-17,1718582400,466
2024-06-18,1718668800,77
2024-06-19,1718755200,194
2024-06-20,1718841600,214
2024-06-21,1718928000,256
2024-06-22,1719014400,167
2024-06-23,1719100800,0
2024-06-24,1719187200,0
2024-06-25,1719273600,106
2024-06-26,1719360000,46
2024-06-27,1719446400,227
2024-06-28,1719532800,0
2024-06-29,1719619200,144
2024-06-30,1719705600,496
2024-07-01,1719792000,116
2024-07-02,1719878400,71
2024-07-03,1719964800,0
2024-07-04,1720051200,0
2024-07-05,1720137600,0
2024-07-06,1720224000,240
2024-07-07,1720310400,222
2024-07-08,1720396800,314
2024-07-09,1720483200,374
2024-07-10,1720569600,1024
2024-07-11,1720656000,504
2024-07-12,1720742400,350
2024-07-13,1720828800,701
2024-07-14,1720915200,232
2024-07-15,1721001600,160
2024-07-16,1721088000,237
2024-07-17,1721174400,149
2024-07-18,1721260800,22
2024-07-19,1721347200,84
2024-07-20,1721433600,266
2024-07-21,1721520000,325
2024-07-22,1721606400,58
2024-07-23,1721692800,226
2024-07-24,1721779200,0
2024-07-25,1721865600,0
2024-07-26,1721952000,146
2024-07-27,1722038400,121
2024-07-28,1722124800,321
2024-07-29,1722211200,445
2024-07-30,1722297600,312
2024-07-31,1722384000,445
2024-08-01,1722470400,301
2024-08-02,1722556800,424
2024-08-03,1722643200,418
2024-08-04,1722729600,114
2024-08-05,1722816000,26
2024-08-06,1722902400,0
2024-08-07,1722988800,351
2024-08-08,1723075200,602
2024-08-09,1723161600,230
2024-08-10,1723248000,424
2024-08-11,1723334400,578
2024-08-12,1723420800,390
2024-08-13,1723507200,306
2024-08-14,1723593600,112
2024-08-15,1723680000,63
2024-08-16,1723766400,200
2024-08-17,1723852800,114
2024-08-18,1723939200,57
2024-08-19,1724025600,1
2024-08-20,1724112000,0
2024-08-21,1724198400,0
2024-08-22,1724284800,0
2024-08-23,1724371200,69
2024-08-24,1724457600,686
2024-08-25,1724544000,561
2024-08-26,1724630400,618
2024-08-27,1724716800,223
2024-08-28,1724803200,548
2024-08-29,1724889600,570
2024-08-30,1724976000,107
2024-08-31,1725062400,433
2024-09-01,1725148800,371
2024-09-02,1725235200,167
2024-09-03,1725321600,455
2024-09-04,1725408000,164
2024-09-05,1725494400,212
2024-09-06,1725580800,301
2024-09-07,1725667200,370
2024-09-08,1725753600,225
2024-09-09,1725840000,163
2024-09-10,1725926400,62
2024-09-11,1726012800,0
2024-09-12,1726099200,180
2024-09-13,1726185600,0
2024-09-14,1726272000,0
2024-09-15,1726358400,0
2024-09-16,1726444800,92
2024-09-17,1726531200,35
2024-09-18,1726617600,154
2024-09-19,1726704000,110
2024-09-20,1726790400,230
2024-09-21,1726876800,1112
2024-09-22,1726963200,426
2024-09-23,1727049600,621
2024-09-24,1727136000,25
2024-09-25,1727222400,622
2024-09-26,1727308800,505
2024-09-27,1727395200,476
2024-09-28,1727481600,528
2024-09-29,1727568000,79
2024-09-30,1727654400,0
2024-10-01,1727740800,906
2024-10-02,1727827200,596
2024-10-03,1727913600,148
2024-10-04,1728000000,0
2024-10-05,1728086400,0
2024-10-06,1728172800,436
2024-10-07,1728259200,229
2024-10-08,1728345600,86
2024-10-09,1728432000,0
2024-10-10,1728518400,258
2024-10-11,1728604800,111
2024-10-12,1728691200,130
2024-10-13,1728777600,495
2024-10-14,1728864000,1021
2024-10-15,1728950400,420
2024-10-16,1729036800,245
2024-10-17,1729123200,238
2024-10-18,1729209600,0
2024-10-19,1729296000,0
2024-10-20,1729382400,0
2024-10-21,1729468800,21
2024-10-22,1729555200,0
2024-10-23,1729641600,12
2024-10-24,1729728000,0
2024-10-25,1729814400,0
2024-10-26,1729900800,0
2024-10-27,1729987200,0
2024-10-28,1730073600,1
2024-10-29,1730160000,0
2024-10-30,1730246400,52
2024-10-31,1730332800,312
2024-11-01,1730419200,150
2024-11-02,1730505600,27
2024-11-03,1730592000,184
2024-11-04,1730678400,743
2024-11-05,1730764800,757
2024-11-06,1730851200,442
2024-11-07,1730937600,195
2024-11-08,1731024000,0
2024-11-09,1731110400,63
2024-11-10,1731196800,507
2024-11-11,1731283200,187
2024-11-12,1731369600,102
2024-11-13,1731456000,407
2024-11-14,1731542400,266
2024-11-15,1731628800,306
2024-11-16,1731715200,145
2024-11-17,1731801600,223
2024-11-18,1731888000,70
2024-11-19,1731974400,37
2024-11-20,1732060800,285
2024-11-21,1732147200,104
2024-11-22,1732233600,0
2024-11-23,1732320000,70
2024-11-24,1732406400,0
2024-11-25,1732492800,162
2024-11-26,1732579200,371
2024-11-27,1732665600,595
2024-11-28,1732752000,453
2024-11-29,1732838400,840
2024-11-30,1732924800,433
2024-12-01,1733011200,0
2024-12-02,1733097600,0
2024-12-03,1733184000,0
2024-12-04,1733270400,0
2024-12-05,1733356800,82
2024-12-06,1733443200,0
2024-12-07,1733529600,45
2024-12-08,1733616000,0
2024-12-09,1733702400,0
2024-12-10,1733788800,156
2024-12-11,1733875200,414
2024-12-12,1733961600,2
2024-12-13,1734048000,339
2024-12-14,1734134400,221
2024-12-15,1734220800,50
2024-12-16,1734307200,63
2024-12-17,1734393600,197
2024-12-18,1734480000,39
2024-12-19,1734566400,326
2024-12-20,1734652800,0
2024-12-21,1734739200,1
2024-12-22,1734825600,0
2024-12-23,1734912000,0
2024-12-24,1734998400,0
2024-12-25,1735084800,0
2024-12-26,1735171200,0
2024-12-27,1735257600,0
2024-12-28,1735344000,56
2024-12-29,1735430400,0
2024-12-30,1735516800,747
2024-12-31,1735603200,342
2025-01-01,1735689600,50
2025-01-02,1735776000,8
2025-01-03,1735862400,0
2025-01-04,1735948800,0
2025-01-05,1736035200,0
2025-01-06,1736121600,15
2025-01-07,1736208000,47
2025-01-08,1736294400,0
2025-01-09,1736380800,141
2025-01-10,1736467200,66
2025-01-11,1736553600,49
2025-01-12,1736640000,0
2025-01-13,1736726400,101
2025-01-14,1736812800,1
2025-01-15,1736899200,0
2025-01-16,1736985600,0
2025-01-17,1737072000,0
2025-01-18,1737158400,0
2025-01-19,1737244800,283
2025-01-20,1737331200,494
2025-01-21,1737417600,202
2025-01-22,1737504000,77
2025-01-23,1737590400,76
2025-01-24,1737676800,520
2025-01-25,1737763200,414
2025-01-26,1737849600,468
2025-01-27,1737936000,300
2025-01-28,1738022400,42
2025-01-29,1738108800,14
2025-01-30,1738195200,0
2025-01-31,1738281600,111
2025-02-01,1738368000,0
2025-02-02,1738454400,130
2025-02-03,1738540800,153
2025-02-04,1738627200,141
2025-02-05,1738713600,105
2025-02-06,1738800000,136
2025-02-07,1738886400,12
2025-02-08,1738972800,0
2025-02-09,1739059200,0
2025-02-10,1739145600,0
2025-02-11,1739232000,246
2025-02-12,1739318400,101
2025-02-13,1739404800,170
2025-02-14,1739491200,229
2025-02-15,1739577600,0
2025-02-16,1739664000,9
2025-02-17,1739750400,173
2025-02-18,1739836800,138
2025-02-19,1739923200,451
2025-02-20,1740009600,120
2025-02-21,1740096000,0
2025-02-22,1740182400,43
2025-02-23,1740268800,147
2025-02-24,1740355200,0
2025-02-25,1740441600,375
2025-02-26,1740528000,169
2025-02-27,1740614400,0
2025-02-28,1740700800,281
2025-03-01,1740787200,62
2025-03-02,1740873600,71
2025-03-03,1740960000,0
2025-03-04,1741046400,184
2025-03-05,1741132800,0
2025-03-06,1741219200,0
2025-03-07,1741305600,61
2025-03-08,1741392000,191
2025-03-09,1741478400,357
2025-03-10,1741564800,195
2025-03-11,1741651200,80
2025-03-12,1741737600,223
2025-03-13,1741824000,115
2025-03-14,1741910400,0
2025-03-15,1741996800,17
2025-03-16,1742083200,112
2025-03-17,1742169600,221
2025-03-18,1742256000,213
2025-03-19,1742342400,26
2025-03-20,1742428800,35
2025-03-21,1742515200,0
2025-03-22,1742601600,0
2025-03-23,1742688000,0
2025-03-24,1742774400,85
2025-03-25,1742860800,0
2025-03-26,1742947200,0
2025-03-27,1743033600,60
2025-03-28,1743120000,0
2025-03-29,1743206400,50
2025-03-30,1743292800,49
2025-03-31,1743379200,0
2025-04-01,1743465600,0
2025-04-02,1743552000,67
2025-04-03,1743638400,117
2025-04-04,1743724800,55
2025-04-05,1743811200,627
2025-04-06,1743897600,899
2025-04-07,1743984000,180
2025-04-08,1744070400,259
2025-04-09,1744156800,19
2025-04-10,1744243200,0
2025-04-11,1744329600,36
2025-04-12,1744416000,106
2025-04-13,1744502400,225
2025-04-14,1744588800,199
2025-04-15,1744675200,25
2025-04-16,1744761600,95
2025-04-17,1744848000,0
2025-04-18,1744934400,626
2025-04-19,1745020800,75
2025-04-20,1745107200,108
2025-04-21,1745193600,76
2025-04-22,1745280000,329
2025-04-23,1745366400,344
2025-04-24,1745452800,122
2025-04-25,1745539200,127
2025-04-26,1745625600,662
2025-04-27,1745712000,165
2025-04-28,1745798400,500
2025-04-29,1745884800,245
2025-04-30,1745971200,290
2025-05-01,1746057600,670
2025-05-02,1746144000,534
2025-05-03,1746230400,122
2025-05-04,1746316800,338
2025-05-05,1746403200,304
2025-05-06,1746489600,67
2025-05-07,1746576000,51
2025-05-08,1746662400,11
2025-05-09,1746748800,200
2025-05-10,1746835200,106
2025-05-11,1746921600,505
2025-05-12,1747008000,337
2025-05-13,1747094400,392
2025-05-14,1747180800,0
2025-05-15,1747267200,0
2025-05-16,1747353600,279
2025-05-17,1747440000,393
2025-05-18,1747526400,483
2025-05-19,1747612800,0
2025-05-20,1747699200,541
2025-05-21,1747785600,379
2025-05-22,1747872000,267
2025-05-23,1747958400,148
2025-05-24,1748044800,0
2025-05-25,1748131200,128
2025-05-26,1748217600,283
2025-05-27,1748304000,362
2025-05-28,1748390400,138
2025-05-29,1748476800,13
2025-05-30,1748563200,6
2025-05-31,1748649600,121
2025-06-01,1748736000,297
2025-06-02,1748822400,139
2025-06-03,1748908800,74
2025-06-04,1748995200,181
2025-06-05,1749081600,0
2025-06-06,1749168000,406
2025-06-07,1749254400,191
2025-06-08,1749340800,599
2025-06-09,1749427200,650
2025-06-10,1749513600,419
2025-06-11,1749600000,94
2025-06-12,1749686400,350
2025-06-13,1749772800,257
2025-06-14,1749859200,79
2025-06-15,1749945600,352
2025-06-16,1750032000,799
2025-06-17,1750118400,471
2025-06-18,1750204800,180
2025-06-19,1750291200,40
2025-06-20,1750377600,0
2025-06-21,1750464000,31
2025-06-22,1750550400,402
2025-06-23,1750636800,391
2025-06-24,1750723200,60
2025-06-25,1750809600,240
2025-06-26,1750896000,65
2025-06-27,1750982400,44
2025-06-28,1751068800,0
2025-06-29,1751155200,43
2025-06-30,1751241600,235
2025-07-01,1751328000,126
2025-07-02,1751414400,84
2025-07-03,1751500800,328
2025-07-04,1751587200,91
2025-07-05,1751673600,110
2025-07-06,1751760000,314
2025-07-07,1751846400,317
2025-07-08,1751932800,303
2025-07-09,1752019200,215
2025-07-10,1752105600,0
2025-07-11,1752192000,420
2025-07-12,1752278400,281
2025-07-13,1752364800,41
2025-07-14,1752451200,325
2025-07-15,1752537600,101
2025-07-16,1752624000,16
2025-07-17,1752710400,0
2025-07-18,1752796800,0
2025-07-19,1752883200,0
2025-07-20,1752969600,590
2025-07-21,1753056000,277
2025-07-22,1753142400,735
2025-07-23,1753228800,663
2025-07-24,1753315200,363
2025-07-25,1753401600,46
2025-07-26,1753488000,130
2025-07-27,1753574400,44
2025-07-28,1753660800,565
2025-07-29,1753747200,0
2025-07-30,1753833600,0
2025-07-31,1753920000,0
2025-08-01,1754006400,161
2025-08-02,1754092800,229
2025-08-03,1754179200,0
2025-08-04,1754265600,43
2025-08-05,1754352000,38
2025-08-06,1754438400,74
2025-08-07,1754524800,152
2025-08-08,1754611200,322
2025-08-09,1754697600,40
2025-08-10,1754784000,348
2025-08-11,1754870400,197
2025-08-12,1754956800,113
2025-08-13,1755043200,184
2025-08-14,1755129600,355
2025-08-15,1755216000,60
2025-08-16,1755302400,46
2025-08-17,1755388800,209
2025-08-18,1755475200,180
2025-08-19,1755561600,435
2025-08-20,1755648000,112
2025-08-21,1755734400,136
2025-08-22,1755820800,143
2025-08-23,1755907200,156
2025-08-24,1755993600,131
2025-08-25,1756080000,595
2025-08-26,1756166400,936
2025-08-27,1756252800,196
2025-08-28,1756339200,307
2025-08-29,1756425600,0
2025-08-30,1756512000,120
2025-08-31,1756598400,130
2025-09-01,1756684800,653
2025-09-02,1756771200,514
2025-09-03,1756857600,2
2025-09-04,1756944000,85
2025-09-05,1757030400,337
2025-09-06,1757116800,327
2025-09-07,1757203200,753
2025-09-08,1757289600,1266
2025-09-09,1757376000,520
2025-09-10,1757462400,165
2025-09-11,1757548800,0
2025-09-12,1757635200,148
2025-09-13,1757721600,236
2025-09-14,1757808000,532
2025-09-15,1757894400,499
2025-09-16,1757980800,347
2025-09-17,1758067200,113
2025-09-18,1758153600,39
2025-09-19,1758240000,85
2025-09-20,1758326400,0
2025-09-21,1758412800,0
2025-09-22,1758499200,14
2025-09-23,1758585600,167
2025-09-24,1758672000,0
2025-09-25,1758758400,144
2025-09-26,1758844800,203
2025-09-27,1758931200,249
2025-09-28,1759017600,0
2025-09-29,1759104000,303
2025-09-30,1759190400,614
2025-10-01,1759276800,723
2025-10-02,1759363200,124
2025-10-03,1759449600,27
2025-10-04,1759536000,173
2025-10-05,1759622400,236
2025-10-06,1759708800,128
2025-10-07,1759795200,0
2025-10-08,1759881600,492
2025-10-09,1759968000,375
2025-10-10,1760054400,208
2025-10-11,1760140800,244
2025-10-12,1760227200,96
2025-10-13,1760313600,497
2025-10-14,1760400000,634
2025-10-15,1760486400,219
2025-10-16,1760572800,744
2025-10-17,1760659200,224
2025-10-18,1760745600,0
2025-10-19,1760832000,157
2025-10-20,1760918400,430
2025-10-21,1761004800,282
2025-10-22,1761091200,407
2025-10-23,1761177600,228
2025-10-24,1761264000,0
2025-10-25,1761350400,580
2025-10-26,1761436800,37
2025-10-27,1761523200,0
2025-10-28,1761609600,0
2025-10-29,1761696000,658
2025-10-30,1761782400,9
2025-10-31,1761868800,5
2025-11-01,1761955200,254
2025-11-02,1762041600,119
2025-11-03,1762128000,564
2025-11-04,1762214400,115
2025-11-05,1762300800,152
2025-11-06,1762387200,501
2025-11-07,1762473600,237
2025-11-08,1762560000,466
2025-11-09,1762646400,99
2025-11-10,1762732800,0
2025-11-11,1762819200,190
2025-11-12,1762905600,211
2025-11-13,1762992000,411
2025-11-14,1763078400,195
2025-11-15,1763164800,151
2025-11-16,1763251200,239
2025-11-17,1763337600,53
2025-11-18,1763424000,134
2025-11-19,1763510400,50
2025-11-20,1763596800,99
2025-11-21,1763683200,0
2025-11-22,1763769600,0
2025-11-23,1763856000,0
2025-11-24,1763942400,75
2025-11-25,1764028800,0
2025-11-26,1764115200,0
2025-11-27,1764201600,0
2025-11-28,1764288000,0
2025-11-29,1764374400,0
2025-11-30,1764460800,46
2025-12-01,1764547200,390
2025-12-02,1764633600,16
2025-12-03,1764720000,71
2025-12-04,1764806400,0
2025-12-05,1764892800,0
2025-12-06,1764979200,120
2025-12-07,1765065600,0
2025-12-08,1765152000,87
2025-12-09,1765238400,97
2025-12-10,1765324800,384
2025-12-11,1765411200,193
2025-12-12,1765497600,179
2025-12-13,1765584000,46
2025-12-14,1765670400,297
2025-12-15,1765756800,126
2025-12-16,1765843200,77
2025-12-17,1765929600,206
2025-12-18,1766016000,49
2025-12-19,1766102400,167
2025-12-20,1766188800,0
2025-12-21,1766275200,95
2025-12-22,1766361600,0
2025-12-23,1766448000,0
2025-12-24,1766534400,0
2025-12-25,1766620800,0
2025-12-26,1766707200,0
2025-12-27,1766793600,0
2025-12-28,1766880000,64
2025-12-29,1766966400,326
2025-12-30,1767052800,0
2025-12-31,1767139200,20
2026-01-01,1767225600,30
2026-01-02,1767312000,13
2026-01-03,1767398400,0
2026-01-04,1767484800,64
2026-01-05,1767571200,33
2026-01-06,1767657600,36
2026-01-07,1767744000,0
2026-01-08,1767830400,0
2026-01-09,1767916800,53
2026-01-10,1768003200,0
2026-01-11,1768089600,0
2026-01-12,1768176000,0
2026-01-13,1768262400,93
2026-01-14,1768348800,239
2026-01-15,1768435200,77
2026-01-16,1768521600,113
2026-01-17,1768608000,63
2026-01-18,1768694400,373
2026-01-19,1768780800,90
2026-01-20,1768867200,0
2026-01-21,1768953600,0
2026-01-22,1769040000,61
2026-01-23,1769126400,0
2026-01-24,1769212800,0
2026-01-25,1769299200,0
2026-01-26,1769385600,18
2026-01-27,1769472000,0
2026-01-28,1769558400,0
2026-01-29,1769644800,0
2026-01-30,1769731200,36
2026-01-31,1769817600,65
2026-02-01,1769904000,0
2026-02-02,1769990400,21
2026-02-03,1770076800,47
2026-02-04,1770163200,47
2026-02-05,1770249600,33
2026-02-06,1770336000,89
2026-02-07,1770422400,71
2026-02-08,1770508800,48
2026-02-09,1770595200,30
2026-02-10,1770681600,0
2026-02-11,1770768000,317
2026-02-12,1770854400,0
2026-02-13,1770940800,0
2026-02-14,1771027200,0
2026-02-15,1771113600,0
2026-02-16,1771200000,114
2026-02-17,1771286400,0
2026-02-18,1771372800,0
2026-02-19,1771459200,0
2026-02-20,1771545600,0
2026-02-21,1771632000,0
2026-02-22,1771718400,0
2026-02-23,1771804800,40
2026-02-24,1771891200,91
2026-02-25,1771977600,286
2026-02-26,1772064000,353
2026-02-27,1772150400,417
2026-02-28,1772236800,354
2026-03-01,1772323200,241
