date,year,month,month_name,waar,wmr_sea_arrivals,wmr_land_arrivals,total_sea_arrivals_waar_wmr,sea_arrivals_in_italy,sea_arrivals_in_malta,land_arrivals_in_greece,sea_arrivals_in_greece,sea_arrivals_in_cyprus,land_arrivals_in_cyprus,total_sea_arrivals_in_europe,total_arrivals_in_europe,interceptions_by_turkish_coast_guard,interceptions_by_libyan_coast_guard,interceptions_by_tunisian_coast_guard,interceptions_by_algerian_coast_guard,total_interceptions,emr,cmr,wmr,waar_1,total_deaths_on_maritime_routes_to_europe,total_attempted_crossings,mortality_rate_maritime_routes_to_europe,mortality_rate_1_in,emr_rate_of_death,cmr_rate_of_death,wmr_proportion_of_deaths_vs_arrivals,waar_proportion_of_deaths_vs_arrivals
2014-01-01,2014,1,January,,,,,2171.0,,,3031.0,,,5202,5202,,,,,,2.0,81.0,35.0,22.0,140,5342,0.02620741295394983,38.15714285714286,0.0006594131223211342,0.03596802841918295,,
2014-02-01,2014,2,February,,,,,3335.0,,,2977.0,,,6312,6312,,,,,,0.0,129.0,17.0,0.0,146,6458,0.02260761845772685,44.23287671232877,0.0,0.037240184757505776,,
2014-03-01,2014,3,March,,,,,5459.0,,,3533.0,,,8992,8992,,,,,,4.0,113.0,31.0,23.0,171,9163,0.018662010258648914,53.58479532163743,0.0011309018942606728,0.02027997128499641,,
2014-04-01,2014,4,April,,,,,15679.0,,,3812.0,,,19491,19491,,,,,,0.0,195.0,28.0,84.0,307,19798,0.015506616829982826,64.48859934853421,0.0,0.012284238377220612,,
2014-05-01,2014,5,May,,,,,14599.0,,,4904.0,,,19503,19503,,,,,,0.0,157.0,43.0,38.0,238,19741,0.012056126842611823,82.94537815126051,0.0,0.010639739766874491,,
2014-06-01,2014,6,June,,,,,22641.0,,,6214.0,,,28855,28855,,,,,,0.0,94.0,19.0,321.0,434,29289,0.01481784970466728,67.48617511520737,0.0,0.0041345942379590935,,
2014-07-01,2014,7,July,,,,,24031.0,,,7599.0,,,31630,31630,,,,,,11.0,263.0,37.0,18.0,329,31959,0.01029443975093088,97.13981762917933,0.0014454664914586072,0.010825718284350045,,
2014-08-01,2014,8,August,,,,,24774.0,,,9865.0,,,34639,34639,,,,,,0.0,96.0,37.0,380.0,513,35152,0.014593764223941739,68.5224171539961,0.0,0.0038600723763570566,,
2014-09-01,2014,9,September,,,,,26107.0,,,11575.0,,,37682,37682,,,,,,4.0,12.0,25.0,87.0,128,37810,0.0033853477915895265,295.390625,0.00034545297521374905,0.00045943565986446646,,
2014-10-01,2014,10,October,,,,,15393.0,,,11628.0,,,27021,27021,,,,,,5.0,85.0,62.0,22.0,174,27195,0.006398234969663541,156.29310344827584,0.00042981174245680393,0.005491665589869492,,
2014-11-01,2014,11,November,,,,,9179.0,,,7494.0,,,16673,16673,,,,,,6.0,88.0,15.0,40.0,149,16822,0.00885744857924147,112.8993288590604,0.0008,0.009496061292759253,,
2014-12-01,2014,12,December,,,,,6732.0,,,4531.0,,,11263,11263,,,,,,79.0,240.0,35.0,74.0,428,11691,0.036609357625523906,27.315420560747665,0.017136659436008676,0.03442340791738382,,
2015-01-01,2015,1,January,,264.0,,264.0,3528.0,,33.0,1472.0,,,5264,5297,688.0,,37.0,,725.0,0.0,67.0,15.0,,82,6104,0.013506835776643057,74.03658536585365,0.0,0.018636995827538246,0.053763440860215055,
2015-02-01,2015,2,February,,44.0,,44.0,4354.0,,83.0,2480.0,,,6878,6961,753.0,,0.0,,753.0,9.0,336.0,0.0,,345,8059,0.04325476429287864,23.11884057971014,0.0027760641579272056,0.07164179104477612,0.0,
2015-03-01,2015,3,March,,280.0,,280.0,2283.0,,202.0,6583.0,,,9146,9348,1820.0,,0.0,,1820.0,8.0,53.0,0.0,41.0,102,11270,0.009215757137694253,108.50980392156863,0.0009511354179051242,0.022688356164383562,0.0,
2015-04-01,2015,4,April,,243.0,,243.0,16056.0,,156.0,11873.0,,,28172,28328,2490.0,,0.0,,2490.0,14.0,1480.0,0.0,,1494,32312,0.046461002612265205,21.523427041499332,0.0009737775613827642,0.0843978102189781,0.0,
2015-05-01,2015,5,May,,512.0,,512.0,21231.0,,168.0,17889.0,,,39632,39800,4378.0,,84.0,,4462.0,0.0,95.0,1.0,,96,44358,0.0021724372029871012,460.3125,0.0,0.004454656288099034,0.001949317738791423,
2015-06-01,2015,6,June,,414.0,,414.0,22877.0,,185.0,31318.0,,,54609,54794,5702.0,,141.0,,5843.0,6.0,5.0,22.0,,33,60670,0.0005455898156567744,1832.878787878788,0.00016204829039053638,0.0002185123678000175,0.05045871559633028,
2015-07-01,2015,7,July,,409.0,,409.0,23210.0,94.0,204.0,54899.0,,,78518,78816,12586.0,,95.0,,12681.0,24.0,206.0,0.0,,230,91727,0.002515613208063087,397.5173913043478,0.0003555081544682931,0.008762228838792003,0.0,
2015-08-01,2015,8,August,,417.0,,417.0,22610.0,,792.0,107843.0,,,130870,131662,17925.0,,54.0,,17979.0,29.0,652.0,8.0,,689,150330,0.0046075245088205005,217.03628447024673,0.00023053013982845378,0.02802854440718769,0.018823529411764704,
2015-09-01,2015,9,September,,621.0,,621.0,15922.0,6.0,274.0,147639.0,,,164182,164462,13647.0,,79.0,,13726.0,190.0,76.0,3.0,,269,178457,0.0015097347020097992,662.368029739777,0.001176645445762838,0.0047488127968008,0.004807692307692308,
2015-10-01,2015,10,October,,1059.0,,1059.0,8916.0,6.0,505.0,211663.0,,,221638,222149,13490.0,,107.0,,13597.0,220.0,163.0,50.0,,433,236179,0.0018373304818643176,544.2678983833719,0.0009761595222142847,0.01794166208035223,0.04508566275924256,
2015-11-01,2015,11,November,,557.0,,557.0,3219.0,,467.0,151249.0,,,155025,155492,9235.0,,31.0,,9266.0,98.0,8.0,1.0,3.0,110,164868,0.0006690956867658955,1494.5545454545456,0.0006102801061140103,0.002479082739386427,0.0017921146953405018,
2015-12-01,2015,12,December,875.0,-380.0,,495.0,9636.0,,644.0,108742.0,,,118873,119517,8897.0,,13.0,,8910.0,206.0,8.0,2.0,38.0,254,128681,0.001983801557362325,504.0826771653543,0.0017480588909160337,0.0008295313148071339,-0.005291005291005291,
2016-01-01,2016,1,January,,492.0,,492.0,5273.0,,539.0,67415.0,,,73180,73719,5506.0,349.0,0.0,,5855.0,275.0,90.0,5.0,,370,79944,0.0046596561929349535,214.60810810810813,0.00375703590360129,0.015756302521008403,0.01006036217303823,
2016-02-01,2016,2,February,,222.0,,222.0,3828.0,,474.0,57066.0,,,61116,61590,8747.0,120.0,11.0,,8878.0,46.0,7.0,2.0,92.0,147,70615,0.0020957785033004946,477.1496598639456,0.000698461865500539,0.0017699115044247787,0.008928571428571428,
2016-03-01,2016,3,March,,351.0,,351.0,9676.0,,152.0,26971.0,28.0,,37026,37178,8530.0,2333.0,11.0,,10874.0,45.0,258.0,21.0,,324,48376,0.006718646317186463,148.83950617283952,0.0012649687974363299,0.02103203717290291,0.056451612903225805,
2016-04-01,2016,4,April,,451.0,,451.0,9149.0,,284.0,3650.0,,,13250,13534,1717.0,880.0,23.0,,2620.0,10.0,611.0,9.0,,630,16784,0.038181818181818185,26.19047619047619,0.001859773107680863,0.05742481203007519,0.01956521739130435,
2016-05-01,2016,5,May,,575.0,,575.0,19925.0,,189.0,1721.0,,,22221,22410,1109.0,3688.0,148.0,,4945.0,0.0,1130.0,48.0,77.0,1255,28610,0.04415748918053552,22.64621513944223,0.0,0.04566948227781595,0.07704654895666131,
2016-06-01,2016,6,June,,715.0,,715.0,22371.0,,100.0,1554.0,,,24640,24740,538.0,1769.0,72.0,,2379.0,0.0,388.0,1.0,,389,27508,0.014192936368943374,70.45758354755785,0.0,0.015818656229615133,0.0013966480446927375,
2016-07-01,2016,7,July,,458.0,,458.0,23552.0,,127.0,1920.0,,,25930,26057,881.0,739.0,39.0,,1659.0,7.0,208.0,11.0,,226,27942,0.008125112349451735,123.07522123893804,0.002492877492877493,0.008490142454794073,0.023454157782515993,
2016-08-01,2016,8,August,,934.0,,934.0,21294.0,,249.0,3540.0,23.0,,25791,26040,1603.0,213.0,118.0,,1934.0,3.0,40.0,19.0,,62,28036,0.0022312592219383164,448.1774193548387,0.0005803830528148578,0.001856406924397828,0.01993704092339979,
2016-09-01,2016,9,September,,1248.0,,1248.0,16975.0,,204.0,3052.0,55.0,,21330,21534,3425.0,1180.0,244.0,,4849.0,27.0,341.0,0.0,,368,26751,0.013862206652352431,72.13858695652175,0.0041164811709102,0.01843641868512111,0.0,
2016-10-01,2016,10,October,,1110.0,,1110.0,27384.0,,492.0,3078.0,83.0,,31655,32147,2437.0,1504.0,159.0,,4100.0,2.0,431.0,4.0,,437,36684,0.01207449160035367,82.81922196796339,0.00035714285714285714,0.014700364951055629,0.003590664272890485,
2016-11-01,2016,11,November,,854.0,,854.0,13962.0,,283.0,1932.0,129.0,,16877,17160,1856.0,1116.0,169.0,,3141.0,14.0,703.0,1.0,,718,21019,0.03462577160493827,28.880222841225624,0.0035614347494276268,0.044547240352322416,0.0011695906432748538,
2016-12-01,2016,12,December,672.0,80.0,,752.0,8047.0,24.0,199.0,1715.0,27.0,,10541,10764,781.0,441.0,111.0,,1333.0,5.0,367.0,7.0,,379,12476,0.030931200522321064,32.32981530343008,0.001977848101265823,0.04133348350039419,0.08045977011494253,
2017-01-01,2017,1,January,13.0,1000.0,307.0,1013.0,4468.0,,130.0,1390.0,0.0,,6871,7308,381.0,699.0,87.0,,1167.0,1.0,225.0,28.0,,254,8729,0.029538318409117338,33.85433070866142,0.000564334085778781,0.0410658879357547,0.020973782771535582,
2017-02-01,2017,2,February,61.0,510.0,1210.0,571.0,8972.0,,161.0,1024.0,96.0,,10663,12034,659.0,952.0,30.0,,1641.0,1.0,217.0,13.0,,231,13906,0.0168061113132048,59.502164502164504,0.0005617977528089888,0.021335168616655197,0.0075014425851125215,
2017-03-01,2017,3,March,,944.0,386.0,944.0,10853.0,,148.0,1554.0,154.0,,13505,14039,1284.0,1493.0,85.0,,2862.0,11.0,300.0,7.0,,318,17219,0.01862808271337356,53.68238993710691,0.003663003663003663,0.023564527531222998,0.005235602094240838,
2017-04-01,2017,4,April,39.0,779.0,282.0,818.0,12943.0,,194.0,1170.0,23.0,,14954,15430,1457.0,443.0,362.0,,2262.0,24.0,280.0,9.0,,313,18005,0.017573409690640616,56.904153354632584,0.008975317875841436,0.01996007984031936,0.008411214953271028,
2017-05-01,2017,5,May,,860.0,461.0,860.0,22993.0,,171.0,2075.0,0.0,,25928,26560,1218.0,3774.0,,,4992.0,0.0,621.0,2.0,,623,32175,0.0194663167104112,51.37078651685393,0.0,0.022674163867387177,0.0015117157974300832,
2017-06-01,2017,6,June,,2345.0,337.0,2345.0,23524.0,,753.0,1909.0,0.0,,27778,28868,1518.0,2433.0,,,3951.0,0.0,529.0,10.0,,539,33358,0.016531206870111947,60.49165120593692,0.0,0.01997281582722948,0.003714710252600297,
2017-07-01,2017,7,July,,2126.0,424.0,2126.0,11461.0,,332.0,2283.0,228.0,,16098,16854,1528.0,641.0,1040.0,,3209.0,8.0,68.0,56.0,,132,20195,0.00664552182449781,150.47727272727272,0.0019767729182110206,0.0051476154428463285,0.021488871834228703,
2017-08-01,2017,8,August,20.0,2188.0,822.0,2208.0,3914.0,,575.0,3665.0,12.0,,9799,11196,2025.0,2406.0,,,4431.0,0.0,143.0,8.0,,151,15778,0.009932250213773598,100.68211920529801,0.0,0.022125947702305433,0.0026507620941020544,
2017-09-01,2017,9,September,4.0,1477.0,492.0,1481.0,6282.0,,1195.0,4604.0,306.0,,12673,14360,2929.0,2834.0,53.0,,5816.0,1.0,102.0,12.0,,115,20291,0.006022203602848764,166.05217391304348,0.00012755102040816328,0.011002049401359076,0.006057546693589096,
2017-10-01,2017,10,October,109.0,3389.0,469.0,3498.0,5988.0,,789.0,4218.0,34.0,,13738,14996,2667.0,1009.0,951.0,,4627.0,0.0,166.0,9.0,1.0,176,19799,0.009258285113098369,108.01136363636364,0.0,0.020458466847424205,0.0023273855702094647,
2017-11-01,2017,11,November,157.0,3903.0,672.0,4060.0,5645.0,,738.0,3129.0,176.0,,13010,14420,1976.0,1333.0,417.0,,3726.0,15.0,193.0,54.0,,262,18408,0.014827391058290888,67.44274809160305,0.0028323262839879152,0.025434897206114918,0.011665586519766688,
2017-12-01,2017,12,December,22.0,2025.0,1.0,2047.0,2327.0,20.0,365.0,2480.0,49.0,,6903,7289,1442.0,883.0,105.0,,2430.0,1.0,9.0,16.0,,26,9745,0.002777777777777778,360.0,0.00025176233635448137,0.0026913875598086126,0.007835455435847209,
2018-01-01,2018,1,January,20.0,1375.0,782.0,1395.0,4182.0,,393.0,1585.0,0.0,,7162,8337,1634.0,2046.0,188.0,,3868.0,0.0,215.0,28.0,7.0,250,12455,0.02072624772011275,48.248,0.0,0.03242346554064244,0.012814645308924484,0.25925925925925924
2018-02-01,2018,2,February,35.0,868.0,416.0,903.0,1065.0,,425.0,1185.0,37.0,,3190,4031,1046.0,375.0,537.0,,1958.0,1.0,121.0,75.0,0.0,197,6186,0.03419545217844124,29.243654822335024,0.00044072278536800354,0.05767397521448999,0.05518763796909492,0.0
2018-03-01,2018,3,March,,1071.0,417.0,1071.0,1049.0,,1327.0,2428.0,10.0,,4558,6302,1534.0,1058.0,489.0,,3081.0,19.0,23.0,25.0,1.0,68,9451,0.008370260955194485,119.47058823529412,0.00476071160110248,0.008781977854142803,0.016523463317911435,1.0
2018-04-01,2018,4,April,50.0,959.0,448.0,1009.0,3171.0,,3975.0,3034.0,0.0,,7214,11637,2358.0,1485.0,583.0,,4426.0,0.0,20.0,90.0,6.0,116,16179,0.00950508030154048,105.20689655172413,0.0,0.0038030043734550295,0.06012024048096192,0.10714285714285714
2018-05-01,2018,5,May,16.0,4234.0,414.0,4250.0,3963.0,,1954.0,2848.0,0.0,,11061,13429,3184.0,1866.0,780.0,,5830.0,16.0,11.0,21.0,0.0,48,19307,0.0027660923183311244,361.5208333333333,0.0026455026455026454,0.001661631419939577,0.004497751124437781,0.0
2018-06-01,2018,6,June,300.0,5498.0,397.0,5798.0,3147.0,235.0,1311.0,2434.0,61.0,,11675,13383,1921.0,3866.0,377.0,,6164.0,10.0,564.0,55.0,0.0,629,20176,0.03334216803604559,29.992050874403816,0.0022593764121102574,0.06887287825131273,0.009243697478991597,0.0
2018-07-01,2018,7,July,33.0,7842.0,1085.0,7875.0,1969.0,28.0,1665.0,2548.0,0.0,,12420,15170,2331.0,2024.0,158.0,,4513.0,50.0,157.0,17.0,0.0,224,19907,0.012279355333844973,81.4375,0.010144045445323595,0.03620848708487085,0.0019007155635062613,0.0
2018-08-01,2018,8,August,42.0,6299.0,616.0,6341.0,1531.0,451.0,1116.0,3223.0,93.0,,11188,13371,1484.0,553.0,422.0,,2459.0,10.0,19.0,105.0,7.0,141,15971,0.009788947514579283,102.15602836879434,0.002079002079002079,0.006384408602150538,0.014957264957264958,0.14285714285714285
2018-09-01,2018,9,September,163.0,7869.0,345.0,8032.0,947.0,58.0,1618.0,4056.0,338.0,,13373,15394,2993.0,751.0,356.0,,4100.0,12.0,130.0,99.0,0.0,241,19735,0.013345146464366797,74.93360995850622,0.0016218407892958507,0.05798394290811775,0.011909058101768314,0.0
2018-10-01,2018,10,October,556.0,10454.0,778.0,11010.0,1007.0,261.0,1848.0,4162.0,207.0,,16386,19273,3217.0,353.0,84.0,,3654.0,38.0,7.0,144.0,2.0,191,23118,0.009091341805892713,109.99476439790575,0.004984260230849948,0.0040887850467289715,0.012658227848101266,0.0035842293906810036
2018-11-01,2018,11,November,48.0,5272.0,537.0,5320.0,980.0,149.0,1025.0,2101.0,191.0,,8592,10303,1116.0,687.0,333.0,,2136.0,11.0,24.0,114.0,22.0,171,12610,0.014952780692549843,66.87719298245614,0.0032173150043872476,0.011044638748274275,0.019247003207833867,0.3142857142857143
2018-12-01,2018,12,December,44.0,4450.0,565.0,4494.0,359.0,263.0,816.0,3138.0,341.0,,8332,9976,2580.0,364.0,212.0,,3156.0,7.0,23.0,76.0,0.0,106,13238,0.00871782218932478,114.70754716981132,0.0011539729640619848,0.018837018837018837,0.014928304851699077,0.0
2019-01-01,2019,1,January,40.0,4064.0,508.0,4104.0,202.0,49.0,579.0,2079.0,1.0,594.0,7029,8116,1092.0,548.0,177.0,,1817.0,2.0,152.0,62.0,0.0,216,10149,0.0225705329153605,44.30555555555556,0.000630119722747322,0.1347517730496454,0.013379369874838154,0.0
2019-02-01,2019,2,February,44.0,892.0,430.0,936.0,60.0,0.0,783.0,1549.0,,429.0,2974,4187,1428.0,307.0,46.0,,1781.0,1.0,6.0,19.0,0.0,26,5994,0.004989445403953176,200.42307692307693,0.000335795836131632,0.014319809069212411,0.014168530947054437,0.0
2019-03-01,2019,3,March,89.0,251.0,416.0,340.0,262.0,188.0,1151.0,2021.0,,637.0,3448,5015,1796.0,218.0,323.0,,2337.0,11.0,56.0,53.0,19.0,139,7491,0.021924290220820188,45.61151079136691,0.0028735632183908046,0.05348615090735435,0.07361111111111111,0.17592592592592593
2019-04-01,2019,4,April,70.0,979.0,473.0,1049.0,255.0,64.0,984.0,2068.0,,760.0,4196,5653,2773.0,130.0,166.0,,3069.0,5.0,52.0,7.0,0.0,64,8786,0.008203024865419123,121.90625,0.0010317787866281469,0.07796101949025487,0.004797806716929404,0.0
2019-05-01,2019,5,May,93.0,1459.0,575.0,1552.0,782.0,376.0,255.0,2898.0,32.0,727.0,6367,7197,2604.0,1214.0,249.0,,4067.0,18.0,65.0,25.0,4.0,112,11376,0.010071036777268231,99.29464285714286,0.0032420749279538905,0.024199553239017124,0.012141816415735794,0.041237113402061855
2019-06-01,2019,6,June,126.0,2343.0,371.0,2469.0,1218.0,599.0,289.0,3792.0,,733.0,8811,9471,3262.0,1333.0,254.0,,4849.0,19.0,27.0,35.0,36.0,117,14437,0.00826972010178117,120.92307692307693,0.002686271737593666,0.007869425823375109,0.012731902510003638,0.2222222222222222
2019-07-01,2019,7,July,,2853.0,540.0,2853.0,1088.0,307.0,375.0,5528.0,,600.0,10376,11291,5409.0,826.0,608.0,,6843.0,1.0,301.0,4.0,0.0,306,18440,0.016938831995571547,59.0359477124183,9.142439202779301e-05,0.09616613418530351,0.0011775095672652341,
2019-08-01,2019,8,August,122.0,1983.0,178.0,2105.0,1268.0,662.0,1071.0,8278.0,33.0,380.0,12726,13975,8430.0,1374.0,515.0,,10319.0,0.0,167.0,6.0,23.0,196,24490,0.00836927281267347,119.48469387755101,0.0,0.04189663823381837,0.0027688047992616522,0.15862068965517243
2019-09-01,2019,9,September,391.0,2856.0,808.0,3247.0,2498.0,508.0,1233.0,10367.0,18.0,613.0,17251,19292,11673.0,1242.0,500.0,,13415.0,9.0,19.0,109.0,0.0,137,32844,0.004333934389927557,230.7372262773723,0.00040784882403589067,0.003985735263268303,0.028889477869069705,0.0
2019-10-01,2019,10,October,518.0,3085.0,686.0,3603.0,2015.0,362.0,1431.0,9213.0,20.0,944.0,16157,18274,11910.0,1131.0,750.0,,13791.0,5.0,91.0,3.0,7.0,106,32171,0.0034482758620689655,290.0,0.0002364289767353887,0.020924350425385145,0.000794912559618442,0.013333333333333334
2019-11-01,2019,11,November,500.0,1123.0,735.0,1623.0,1232.0,193.0,930.0,8435.0,275.0,538.0,12296,13961,6401.0,719.0,501.0,,7621.0,0.0,279.0,100.0,11.0,390,21972,0.01853435985172512,53.95384615384615,0.0,0.0954172366621067,0.05107252298263534,0.021526418786692758
2019-12-01,2019,12,December,694.0,1528.0,626.0,2222.0,589.0,97.0,735.0,6217.0,33.0,454.0,9612,10973,3765.0,183.0,88.0,,4036.0,0.0,47.0,129.0,110.0,286,15295,0.019642857142857142,50.909090909090914,0.0,0.046812749003984064,0.056504599211563734,0.13681592039800994
2020-01-01,2020,1,January,708.0,1142.0,515.0,1850.0,1342.0,301.0,670.0,3228.0,0.0,495.0,6721,8401,4067.0,1072.0,316.0,828.0,6283.0,68.0,6.0,49.0,2.0,125,14809,0.00844081301911,118.47200000000001,0.009235366019285617,0.001975633849193283,0.028722157092614303,0.0028169014084507044
2020-02-01,2020,2,February,473.0,1248.0,454.0,1721.0,1211.0,688.0,752.0,2092.0,,494.0,5712,7412,2079.0,1109.0,571.0,468.0,4227.0,0.0,110.0,9.0,26.0,145,11784,0.012304820095044128,81.26896551724137,0.0,0.029818378964489023,0.005260081823495032,0.052104208416833664
2020-03-01,2020,3,March,296.0,466.0,171.0,762.0,241.0,146.0,316.0,1998.0,,494.0,3147,4128,2907.0,630.0,137.0,16.0,3690.0,4.0,20.0,11.0,48.0,83,7901,0.010504999367168713,95.19277108433735,0.0008148299042574863,0.017035775127768313,0.016975308641975308,0.13953488372093023
2020-04-01,2020,4,April,459.0,276.0,89.0,735.0,671.0,66.0,38.0,39.0,,494.0,1511,2132,253.0,395.0,99.0,3.0,750.0,0.0,18.0,1.0,41.0,60,2942,0.020394289598912305,49.03333333333333,0.0,0.014411529223378704,0.00273224043715847,0.082
2020-05-01,2020,5,May,539.0,545.0,21.0,1084.0,1654.0,54.0,61.0,230.0,,494.0,3022,3598,605.0,774.0,1243.0,161.0,2783.0,0.0,11.0,1.0,7.0,19,6400,0.00296875,336.8421052631579,0.0,0.0029443254817987153,0.001763668430335097,0.01282051282051282
2020-06-01,2020,6,June,225.0,837.0,82.0,1062.0,1831.0,425.0,190.0,269.0,30.0,494.0,3617,4383,1816.0,1496.0,1611.0,461.0,5384.0,4.0,89.0,6.0,0.0,99,9866,0.010034461787958646,99.65656565656566,0.0019147917663954045,0.01632428466617755,0.006486486486486486,0.0
2020-07-01,2020,7,July,569.0,2074.0,51.0,2643.0,7067.0,261.0,257.0,317.0,,,10288,10596,1493.0,1143.0,2918.0,588.0,6142.0,0.0,67.0,20.0,113.0,200,16938,0.01180776951233912,84.69,0.0,0.005848463687150838,0.009324009324009324,0.1656891495601173
2020-08-01,2020,8,August,664.0,2011.0,61.0,2675.0,5326.0,71.0,624.0,454.0,,,8526,9211,1838.0,1362.0,1621.0,1012.0,5833.0,2.0,110.0,29.0,89.0,230,15274,0.01505826895377766,66.40869565217392,0.0008718395815170009,0.012956419316843345,0.013802950975725845,0.11819389110225764
2020-09-01,2020,9,September,2148.0,2896.0,25.0,5044.0,4386.0,150.0,703.0,90.0,,,9670,10398,1373.0,1467.0,2035.0,1490.0,6365.0,20.0,186.0,34.0,89.0,329,17092,0.019248771355019893,51.951367781155014,0.013486176668914362,0.022616731517509727,0.011505922165820644,0.039785426911041574
2020-10-01,2020,10,October,5328.0,3140.0,38.0,8468.0,3477.0,94.0,1042.0,84.0,,,12123,13203,1519.0,575.0,1349.0,2280.0,5723.0,0.0,109.0,46.0,309.0,464,19390,0.023929860752965448,41.78879310344827,0.0,0.019450392576730906,0.014267990074441687,0.05481639169771155
2020-11-01,2020,11,November,8157.0,1455.0,50.0,9612.0,5360.0,25.0,705.0,237.0,,,15234,15989,1180.0,1742.0,849.0,545.0,4316.0,2.0,187.0,95.0,91.0,375,20680,0.01813346228239845,55.14666666666667,0.0014094432699083862,0.022908244517946832,0.059375,0.01103297769156159
2020-12-01,2020,12,December,3457.0,993.0,198.0,4450.0,1591.0,0.0,189.0,252.0,,,6293,6680,1250.0,126.0,717.0,337.0,2430.0,6.0,87.0,42.0,63.0,198,9308,0.021272024065320156,47.01010101010101,0.003978779840848806,0.03451011503371678,0.0340632603406326,0.017897727272727273
2021-01-01,2021,1,January,2077.0,814.0,293.0,2891.0,1039.0,0.0,107.0,156.0,82.0,323.0,4168,4891,391.0,469.0,463.0,253.0,1576.0,2.0,81.0,35.0,22.0,140,6607,0.021189647343726352,47.19285714285714,0.0036429872495446266,0.039473684210526314,0.03064798598949212,0.010481181515007145
2021-02-01,2021,2,February,264.0,682.0,96.0,946.0,3994.0,65.0,136.0,312.0,5.0,355.0,5322,5909,723.0,3487.0,1273.0,375.0,5858.0,0.0,129.0,17.0,0.0,146,11913,0.012255519180726936,81.5958904109589,0.0,0.014416629414394278,0.021383647798742137,0.0
2021-03-01,2021,3,March,1095.0,1190.0,-15.0,2285.0,2385.0,0.0,569.0,362.0,25.0,966.0,5057,6577,1251.0,1948.0,882.0,335.0,4416.0,4.0,113.0,31.0,23.0,171,11164,0.015317090648513079,65.28654970760233,0.0024737167594310453,0.02120870870870871,0.02570480928689884,0.020572450805008944
2021-04-01,2021,4,April,975.0,640.0,229.0,1615.0,1595.0,14.0,670.0,195.0,109.0,952.0,3528,5379,2104.0,916.0,409.0,53.0,3482.0,0.0,195.0,28.0,84.0,307,9168,0.03348603839441536,29.863192182410423,0.0,0.062320230105465,0.03121516164994426,0.07932011331444759
2021-05-01,2021,5,May,975.0,1140.0,9187.0,2115.0,5679.0,74.0,335.0,295.0,355.0,648.0,8518,18688,862.0,3599.0,2487.0,362.0,7310.0,0.0,157.0,43.0,38.0,238,26236,0.009071504802561366,110.23529411764706,0.0,0.013087695898632878,0.004146576663452266,0.03751233958538993
2021-06-01,2021,6,June,1566.0,1204.0,0.0,2770.0,5840.0,97.0,543.0,74.0,34.0,729.0,8815,10087,1651.0,4915.0,2120.0,334.0,9020.0,0.0,94.0,19.0,321.0,434,19541,0.022209712911314673,45.025345622119815,0.0,0.007194244604316547,0.01553556827473426,0.17011128775834658
2021-07-01,2021,7,July,579.0,2116.0,477.0,2695.0,8592.0,164.0,469.0,148.0,82.0,501.0,11681,13128,1736.0,4059.0,2993.0,388.0,9176.0,11.0,263.0,37.0,18.0,329,22633,0.014536296558123095,68.7933130699088,0.005804749340369393,0.016364880841266877,0.014068441064638783,0.03015075376884422
2021-08-01,2021,8,August,1855.0,2040.0,100.0,3895.0,10286.0,56.0,679.0,538.0,111.0,487.0,14886,16152,2444.0,4189.0,5582.0,1047.0,13262.0,0.0,96.0,37.0,380.0,513,29927,0.017141711497978412,58.33723196881092,0.0,0.0047503587510515114,0.016995865870463943,0.17002237136465326
2021-09-01,2021,9,September,3732.0,4192.0,39.0,7924.0,6919.0,0.0,457.0,280.0,271.0,751.0,15394,16641,3682.0,1846.0,3199.0,1137.0,9864.0,4.0,12.0,25.0,87.0,128,26633,0.004806067660421282,208.0703125,0.0010085728693898135,0.001002004008016032,0.0058740601503759395,0.022780832678711706
2021-10-01,2021,10,October,3709.0,1868.0,25.0,5577.0,7097.0,143.0,302.0,719.0,236.0,1848.0,13772,15947,2670.0,2123.0,2739.0,1024.0,8556.0,5.0,85.0,62.0,22.0,174,24677,0.007051100214774892,141.82183908045977,0.0014731879787860931,0.006974645113645688,0.031713554987212275,0.0058965424819083356
2021-11-01,2021,11,November,3038.0,628.0,293.0,3666.0,9517.0,91.0,271.0,495.0,211.0,1858.0,13980,16402,3592.0,3439.0,1969.0,231.0,9231.0,6.0,88.0,15.0,40.0,149,25782,0.0057792258164610965,173.03355704697987,0.0014659174199853407,0.005826271186440678,0.016025641025641024,0.01299545159194282
2021-12-01,2021,12,December,2451.0,1270.0,121.0,3721.0,4534.0,134.0,304.0,610.0,155.0,1238.0,9154,10817,2570.0,1435.0,1541.0,607.0,6153.0,79.0,240.0,35.0,74.0,428,17398,0.02460052879641338,40.649532710280376,0.02424056459036514,0.030441400304414,0.024544179523141654,0.029306930693069305
2022-01-01,2022,1,January,3194.0,921.0,87.0,4115.0,3035.0,0.0,165.0,277.0,810.0,45.0,8237,8534,1929.0,1476.0,1155.0,585.0,5145.0,2.0,120.0,105.0,65.0,292,13674,0.02135439520257423,46.82876712328767,0.000652954619653934,0.020739716557207053,0.09433962264150944,0.019944768333844738
2022-02-01,2022,2,February,2302.0,767.0,48.0,3069.0,2439.0,0.0,246.0,257.0,1079.0,128.0,6844,7266,2637.0,1005.0,1036.0,352.0,5030.0,2.0,85.0,33.0,37.0,157,12031,0.013049621810323332,76.63057324840764,0.0004874482086278333,0.018619934282584884,0.03891509433962264,0.01581872595126122
2022-03-01,2022,3,March,375.0,30.0,983.0,405.0,1358.0,0.0,552.0,512.0,2183.0,174.0,4458,6167,2771.0,957.0,886.0,0.0,4614.0,7.0,129.0,9.0,72.0,217,9289,0.023360964581763375,42.806451612903224,0.0012395962457942271,0.03873873873873874,0.008806262230919765,0.1610738255033557
2022-04-01,2022,4,April,753.0,573.0,147.0,1326.0,3929.0,1.0,782.0,576.0,1629.0,238.0,7461,8628,3243.0,1023.0,1515.0,163.0,5944.0,43.0,233.0,17.0,35.0,328,13733,0.02388407485618583,41.86890243902439,0.007505672892302321,0.034770929711983284,0.023066485753052916,0.044416243654822336
2022-05-01,2022,5,May,1644.0,624.0,83.0,2268.0,8720.0,31.0,590.0,455.0,1010.0,462.0,12484,13619,4680.0,2863.0,2658.0,359.0,10560.0,1.0,123.0,54.0,86.0,264,23308,0.011326583147417196,88.28787878787878,0.0001513317191283293,0.008544633553317124,0.07095926412614981,0.04971098265895954
2022-06-01,2022,6,June,473.0,809.0,258.0,1282.0,8152.0,2.0,498.0,1149.0,1149.0,301.0,11734,12791,4660.0,2507.0,2142.0,629.0,9938.0,9.0,104.0,32.0,15.0,160,21832,0.007328691828508612,136.45,0.0012383048981838194,0.008057643139381732,0.029117379435850774,0.030737704918032786
2022-07-01,2022,7,July,848.0,1683.0,116.0,2531.0,13802.0,1.0,729.0,695.0,1224.0,212.0,18253,19310,5103.0,2116.0,3226.0,569.0,11014.0,2.0,129.0,33.0,10.0,174,29441,0.005910125335416596,169.20114942528735,0.0002763957987838585,0.006692954238871018,0.018013100436681223,0.011655011655011656
2022-08-01,2022,8,August,1048.0,1126.0,115.0,2174.0,16816.0,84.0,880.0,1094.0,955.0,196.0,21123,22314,6328.0,2526.0,5713.0,802.0,15369.0,35.0,101.0,31.0,25.0,192,36684,0.005233889434085705,191.0625,0.004065985130111524,0.0040015847860538824,0.02437106918238994,0.023299161230195712
2022-09-01,2022,9,September,1869.0,2189.0,132.0,4058.0,13539.0,171.0,468.0,1499.0,1399.0,280.0,20666,21546,5710.0,2154.0,3882.0,620.0,12366.0,163.0,139.0,100.0,3.0,405,33437,0.012112330651673296,82.5604938271605,0.01800905977240084,0.006990193613276339,0.041305245766212306,0.0016025641025641025
2022-10-01,2022,10,October,1951.0,2802.0,82.0,4753.0,13492.0,31.0,546.0,1620.0,1686.0,167.0,21582,22377,4777.0,2779.0,5584.0,1611.0,14751.0,49.0,188.0,92.0,98.0,427,36760,0.01161588683351469,86.08899297423888,0.005904325822388239,0.008516807103379542,0.030913978494623656,0.04782820888238165
2022-11-01,2022,11,November,625.0,457.0,89.0,1082.0,9061.0,116.0,457.0,2488.0,1246.0,211.0,13993,14750,3666.0,2056.0,4034.0,221.0,9977.0,60.0,37.0,12.0,5.0,114,24084,0.004733432984554061,211.26315789473685,0.007821666014861166,0.002417668583376895,0.021505376344086023,0.007936507936507936
2022-12-01,2022,12,December,600.0,1267.0,149.0,1867.0,10791.0,3.0,306.0,1773.0,538.0,129.0,14972,15556,4018.0,3222.0,1541.0,460.0,9241.0,10.0,29.0,93.0,108.0,240,24453,0.00981474665685192,101.8875,0.0015460729746444033,0.001860644167842936,0.061630218687872766,0.15254237288135594
2023-01-01,2023,1,January,566.0,639.0,87.0,1205.0,4963.0,0.0,297.0,1402.0,704.0,0.0,8274,8658,3025.0,1434.0,2322.0,501.0,7282.0,8.0,49.0,19.0,4.0,80,15636,0.005116398055768739,195.45,0.0015567230978789648,0.005588503649635037,0.025503355704697986,0.007017543859649123
2023-02-01,2023,2,February,1299.0,444.0,59.0,1743.0,9465.0,1.0,139.0,687.0,800.0,0.0,12696,12894,1802.0,1612.0,5147.0,308.0,8869.0,16.0,228.0,3.0,48.0,295,21860,0.013494967978042087,74.10169491525423,0.004841149773071104,0.013857655138880447,0.005928853754940711,0.035634743875278395
2023-03-01,2023,3,March,313.0,806.0,74.0,1119.0,13267.0,1.0,182.0,1104.0,1680.0,0.0,17171,17427,2614.0,999.0,7494.0,392.0,11499.0,22.0,200.0,19.0,39.0,280,28950,0.009671848013816925,103.39285714285715,0.004059040590405904,0.009107053412868266,0.021134593993325918,0.11079545454545454
2023-04-01,2023,4,April,1033.0,1114.0,91.0,2147.0,14506.0,91.0,308.0,790.0,645.0,0.0,18179,18578,2806.0,810.0,4756.0,448.0,8820.0,1.0,512.0,49.0,30.0,592,27591,0.021456271972744734,46.60641891891892,0.00023573785950023574,0.02476420798065296,0.03907496012759171,0.028222013170272814
2023-05-01,2023,5,May,1195.0,731.0,124.0,1926.0,8154.0,0.0,402.0,1002.0,1005.0,0.0,12087,12613,3161.0,1359.0,4049.0,40.0,8609.0,12.0,91.0,43.0,2.0,148,20844,0.007100364613317981,140.83783783783784,0.0023166023166023165,0.006665201787153007,0.04788418708240535,0.001670843776106934
2023-06-01,2023,6,June,2807.0,1245.0,77.0,4052.0,15164.0,49.0,1125.0,1264.0,735.0,0.0,21264,22466,3102.0,2282.0,3528.0,381.0,9293.0,0.0,779.0,52.0,88.0,919,31476,0.029196848392425975,34.250272034820455,0.0,0.03573066691129254,0.03784570596797671,0.030397236614853194
2023-07-01,2023,7,July,1295.0,2116.0,59.0,3411.0,23420.0,36.0,548.0,2746.0,920.0,0.0,30533,31140,2909.0,581.0,848.0,729.0,5067.0,0.0,68.0,31.0,147.0,246,35846,0.006862690397812866,145.71544715447155,0.0,0.00272512323167555,0.014052583862194016,0.10194174757281553
2023-08-01,2023,8,August,2931.0,2491.0,184.0,5422.0,25673.0,94.0,959.0,5855.0,895.0,0.0,37939,39082,5006.0,1528.0,4427.0,474.0,11435.0,5.0,262.0,80.0,75.0,422,49796,0.00847457627118644,118.0,0.0004251339171839129,0.00819159579789895,0.029038112522686024,0.0249500998003992
2023-09-01,2023,9,September,3537.0,1078.0,145.0,4615.0,19209.0,0.0,734.0,11428.0,730.0,0.0,35982,36861,9623.0,1131.0,8781.0,490.0,20025.0,4.0,76.0,3.0,25.0,108,56115,0.0019246190858059342,519.5833333333334,0.00018361257746155613,0.002603007158269685,0.0024469820554649264,0.007018528916339135
2023-10-01,2023,10,October,15729.0,1921.0,214.0,17650.0,10277.0,44.0,429.0,6768.0,1095.0,0.0,35834,36477,10739.0,1791.0,3407.0,901.0,16838.0,8.0,56.0,19.0,94.0,177,52849,0.003349164601033132,298.5819209039548,0.00042987641053197207,0.0035955056179775282,0.008820798514391829,0.005940719206218795
2023-11-01,2023,11,November,4705.0,1381.0,61.0,6086.0,8317.0,18.0,502.0,3739.0,1425.0,0.0,19585,20148,4900.0,1748.0,3982.0,663.0,11293.0,10.0,31.0,95.0,356.0,492,31370,0.015683774306662415,63.76016260162602,0.0009926543577526306,0.002199205448354143,0.06180871828236825,0.07034182967792926
2023-12-01,2023,12,December,4500.0,1742.0,59.0,6242.0,5237.0,47.0,0.0,4395.0,982.0,0.0,16903,16962,7539.0,1750.0,,457.0,9746.0,85.0,174.0,45.0,51.0,355,27004,0.013146200562879573,76.06760563380281,0.006537958618567803,0.02413984461709212,0.02437703141928494,0.01120632827949901
2024-01-01,2024,1,January,7270.0,704.0,93.0,7974.0,2258.0,35.0,321.0,3307.0,975.0,0.0,14549,14963,3654.0,429.0,1630.0,273.0,5986.0,23.0,89.0,52.0,9.0,173,20708,0.008354259223488507,119.69942196531792,0.0028898102776730747,0.02004053141184418,0.061248527679623084,0.001236433576040665
2024-02-01,2024,2,February,4662.0,849.0,457.0,5511.0,2301.0,32.0,366.0,3950.0,800.0,0.0,12594,13417,6099.0,1104.0,1478.0,249.0,8930.0,4.0,120.0,89.0,29.0,242,21766,0.011118257833318018,89.94214876033058,0.0003685616880125311,0.023833167825223437,0.06379928315412187,0.006182050735450863
2024-03-01,2024,3,March,1183.0,683.0,255.0,1866.0,6857.0,1.0,406.0,2215.0,1140.0,0.0,12079,12740,3058.0,2597.0,5424.0,394.0,11473.0,22.0,170.0,26.0,77.0,295,23847,0.012370528787688179,80.83728813559321,0.003418803418803419,0.011296431656588477,0.026970954356846474,0.06111111111111111
2024-04-01,2024,4,April,2778.0,581.0,103.0,3359.0,4721.0,0.0,596.0,2020.0,1525.0,0.0,11625,12324,3116.0,1011.0,8249.0,179.0,12555.0,9.0,184.0,7.0,60.0,260,24440,0.010638297872340425,94.0,0.0013493253373313343,0.012989763501588421,0.010130246020260492,0.021141649048625793
2024-05-01,2024,5,May,1281.0,920.0,164.0,2201.0,4976.0,0.0,543.0,3721.0,280.0,0.0,11178,11885,3665.0,1694.0,451.0,348.0,6158.0,5.0,187.0,100.0,74.0,366,17702,0.02067562987233081,48.36612021857924,0.0006518055012384304,0.02558839627805145,0.08445945945945946,0.05461254612546126
2024-06-01,2024,6,June,2083.0,732.0,100.0,2815.0,4902.0,0.0,556.0,2718.0,170.0,0.0,10605,11261,3756.0,2318.0,2363.0,179.0,8616.0,0.0,128.0,38.0,85.0,251,19472,0.012890304026294166,77.57768924302789,0.0,0.013180928843579446,0.04367816091954023,0.03920664206642067
2024-07-01,2024,7,July,2213.0,1701.0,219.0,3914.0,7465.0,28.0,826.0,4311.0,190.0,0.0,15908,16953,4473.0,2864.0,116.0,826.0,8279.0,8.0,81.0,5.0,378.0,472,24659,0.01914108439109453,52.24364406779661,0.0008906702293475841,0.007674815235929506,0.0025974025974025974,0.1458896179081436
2024-08-01,2024,8,August,4054.0,1787.0,584.0,5841.0,8526.0,1.0,848.0,6086.0,265.0,0.0,20719,22151,6431.0,3100.0,42.0,731.0,10304.0,2.0,94.0,11.0,38.0,145,31168,0.004652207392197126,214.95172413793102,0.00015644555694618273,0.007991158718014112,0.004617968094038623,0.009286412512218964
2024-09-01,2024,9,September,5284.0,1311.0,180.0,6595.0,7685.0,6.0,1062.0,7102.0,300.0,0.0,21688,22930,6430.0,2515.0,170.0,855.0,9970.0,5.0,198.0,35.0,128.0,366,32024,0.01142892830377217,87.49726775956285,0.00036135000361350004,0.018725174957442785,0.022935779816513763,0.023651145602365115
2024-10-01,2024,10,October,3279.0,1501.0,154.0,4780.0,5722.0,52.0,0.0,7699.0,480.0,0.0,18733,18887,5084.0,1501.0,230.0,880.0,7695.0,10.0,102.0,16.0,39.0,167,26595,0.006279375822523031,159.25149700598803,0.00075340917652377,0.013408702510845274,0.009575104727707959,0.011754068716094032
2024-11-01,2024,11,November,7338.0,2347.0,126.0,9685.0,8124.0,,0.0,7008.0,395.0,0.0,25212,25338,6355.0,1712.0,125.0,1083.0,9275.0,27.0,161.0,14.0,77.0,279,34766,0.008025081976643847,124.60931899641578,0.001958650707290533,0.01590594744121715,0.0056292722155207075,0.01038435603506406
2024-12-01,2024,12,December,4904.0,1126.0,43.0,6030.0,3080.0,83.0,0.0,4332.0,,,13525,13568,3352.0,923.0,116.0,1120.0,5511.0,58.0,205.0,47.0,92.0,402,19438,0.020681140034983024,48.35323383084577,0.007491604236631361,0.04651690492398457,0.038651315789473686,0.018414731785428344
2025-01-01,2025,1,January,4752.0,609.0,95.0,5361.0,3479.0,27.0,225.0,3203.0,143.0,0.0,12213,12533,3199.0,2398.0,,,5597.0,,,,,0,17810,0.0,,0.0,0.0,0.0,0.0
2025-02-01,2025,2,February,2386.0,1222.0,77.0,3608.0,3329.0,0.0,230.0,2397.0,223.0,0.0,9557,9864,750.0,1806.0,,,2556.0,,,,,0,12113,0.0,,0.0,0.0,0.0,0.0
2025-03-01,2025,3,March,2250.0,400.0,207.0,2650.0,2407.0,0.0,238.0,2573.0,258.0,0.0,7888,8333,1074.0,1437.0,,,2511.0,,,,,0,10399,0.0,,0.0,0.0,0.0,0.0
2025-04-01,2025,4,April,1136.0,633.0,162.0,1769.0,6578.0,0.0,386.0,1851.0,211.0,0.0,10409,10957,1251.0,1645.0,,,2896.0,,,,,0,13305,0.0,,0.0,0.0,0.0,0.0
2025-05-01,2025,5,May,459.0,1160.0,221.0,1619.0,7178.0,21.0,395.0,2832.0,212.0,0.0,11862,12478,1259.0,2299.0,,,3558.0,,,,,0,15420,0.0,,0.0,0.0,0.0,0.0
2025-06-01,2025,6,June,338.0,1586.0,297.0,1924.0,7089.0,60.0,547.0,4253.0,213.0,0.0,13539,14383,1091.0,2022.0,,,3113.0,,,,,0,16652,0.0,,0.0,0.0,0.0,0.0
2025-07-01,2025,7,July,254.0,1472.0,542.0,1726.0,6485.0,3.0,755.0,6124.0,156.0,0.0,14494,15791,2226.0,1636.0,,,3862.0,,,,,0,18356,0.0,,0.0,0.0,0.0,0.0
2025-08-01,2025,8,August,551.0,2513.0,609.0,3064.0,6148.0,0.0,819.0,2898.0,190.0,0.0,12300,13728,2007.0,2229.0,,,4236.0,,,,,0,16536,0.0,,0.0,0.0,0.0,0.0
2025-09-01,2025,9,September,752.0,2116.0,677.0,2868.0,8315.0,35.0,0.0,4009.0,236.0,0.0,15463,16140,2461.0,4279.0,,,6740.0,,,,,0,22203,0.0,,0.0,0.0,0.0,0.0
2025-10-01,2025,10,October,1175.0,873.0,263.0,2048.0,12864.0,0.0,0.0,3552.0,0.0,0.0,18464,18727,2267.0,2758.0,,,5025.0,,,,,0,23489,0.0,,0.0,0.0,0.0,0.0
2025-11-01,2025,11,November,,,,0.0,,,,,,,0,0,,,,,0.0,,,,,0,0,,,,,,
2025-12-01,2025,12,December,,,,0.0,,,,,,,0,0,,,,,0.0,,,,,0,0,,,,,,
